role_subgroup,archetype_id,rank,player,team,league,season,pos_,age_,minutes,archetype_similarity,progressive_passes_p90,pass_completion_pct,long_pass_completion_pct,passes_final_third_p90,blocks_p90,clearances_p90,interceptions_p90,tackles_p90,tackles_won_p90,aerials_won_p90,aerials_won_pct,duel_index_role,defending_index_role,errors_p90,recoveries_p90,progressive_carries_p90,progressive_receipts_p90,key_passes_p90,sca_p90,gca_p90,gca_live_p90,passes_penalty_area_p90,touches_att_third_p90,touches_box_p90,takeons_attempted_p90,takeons_success_pct,creation_index_role,progression_index_role,xg_p90,shots_p90,sot_p90,g_per_shot,g_per_sot,shot_distance,carries_box_p90,finishing_index_role
DEF_CB,0,1,Abdou Diallo,Dortmund,GER-Bundesliga,1819,DF,22.0,2379,83.5,4.734848484848485,88.3,76.1,4.659090909090909,1.0606060606060606,3.4469696969696972,0.9848484848484849,1.3636363636363638,0.7575757575757576,1.8560606060606062,55.1,43.685353535353535,2.5303030303030303,0.03787878787878788,5.795454545454546,,,,,,,,,,,,,,,,,,,,,
DEF_CB,0,2,Alessandro Bastoni,Inter,ITA-Serie A,2122,DF,22.0,2311,82.8,5.136186770428016,88.3,74.7,4.669260700389105,0.8560311284046693,2.295719844357977,1.3618677042801557,1.7120622568093387,0.9727626459143969,1.6731517509727627,62.3,40.62438391699092,2.428015564202335,0.038910505836575876,5.914396887159533,,,,,,,,,,,,,,,,,,,,,
DEF_CB,0,3,Claudio Terzi,Spezia,ITA-Serie A,2021,DF,36.0,1869,81.4,3.942307692307692,83.5,68.2,5.240384615384615,1.1057692307692308,2.644230769230769,1.7307692307692306,1.5865384615384615,0.9615384615384615,1.6826923076923077,50.0,42.2275641025641,2.4903846153846154,0.04807692307692307,5.384615384615384,,,,,,,,,,,,,,,,,,,,,
DEF_CB,0,4,Jérôme Boateng,Lyon,FRA-Ligue 1,2122,DF,32.0,1622,80.5,4.722222222222222,87.3,59.9,4.444444444444445,1.1111111111111112,4.055555555555555,1.1111111111111112,1.1111111111111112,0.8333333333333334,1.0,72.0,41.0,2.666666666666667,0.0,5.944444444444445,,,,,,,,,,,,,,,,,,,,,
DEF_CB,0,5,Emiliano Moretti,Torino,ITA-Serie A,1819,DF,37.0,2010,80.4,5.291479820627803,85.3,61.6,3.452914798206278,0.6278026905829596,2.914798206278027,1.0762331838565022,1.3452914798206277,0.9417040358744394,1.704035874439462,56.7,41.70134529147982,2.2062780269058293,0.04484304932735426,5.067264573991031,,,,,,,,,,,,,,,,,,,,,
DEF_CB,0,6,Axel Disasi,Monaco,FRA-Ligue 1,2021,DF,22.0,2011,80.4,3.9013452914798203,85.8,56.5,4.2152466367713,0.8071748878923767,2.9596412556053813,1.1659192825112108,1.3004484304932735,0.8968609865470851,2.242152466367713,61.0,45.31405082212257,2.4573991031390134,0.04484304932735426,6.053811659192825,,,,,,,,,,,,,,,,,,,,,
DEF_CB,0,7,Niklas Moisander,Werder Bremen,GER-Bundesliga,1718,DF,31.0,2250,80.2,5.04,83.1,65.1,4.32,0.84,3.92,1.52,1.44,1.12,1.6,57.1,40.76666666666667,2.568,0.08,5.12,,,,,,,,,,,,,,,,,,,,,
DEF_CB,0,8,Guillermo Maripán,Monaco,FRA-Ligue 1,2122,DF,27.0,1832,79.5,3.9215686274509807,88.5,69.2,3.9215686274509807,1.0294117647058825,3.235294117647059,1.2254901960784315,1.7647058823529413,1.1764705882352942,2.2058823529411766,55.6,45.93529411764706,2.607843137254902,0.04901960784313726,5.784313725490197,,,,,,,,,,,,,,,,,,,,,
DEF_CB,0,9,Stefano Denswil,Bologna,ITA-Serie A,1920,DF,26.0,2240,79.2,4.5381526104417675,85.1,66.0,3.9759036144578315,0.9236947791164659,2.7309236947791167,1.244979919678715,1.9678714859437751,1.1244979919678715,1.887550200803213,54.7,42.66251673360107,2.36144578313253,0.0,4.9397590361445785,,,,,,,,,,,,,,,,,,,,,
DEF_CB,0,10,Ștefan Radu,Lazio,ITA-Serie A,1920,DF,32.0,2306,78.8,4.4921875,86.2,66.0,4.6484375,0.7421875,3.3203125,1.328125,1.6796875,0.9765625,1.25,54.2,44.583333333333336,2.453125,0.0,5.1953125,,,,,,,,,,,,,,,,,,,,,
DEF_CB,0,11,Gabriel Magalhães,Arsenal,ENG-Premier League,2223,DF,24.0,3409,78.5,4.036939313984169,89.4,61.0,4.511873350923483,1.2928759894459103,3.2981530343007917,0.8443271767810027,1.266490765171504,0.79155672823219,2.638522427440633,56.8,42.04617414248021,2.3482849604221636,0.079155672823219,5.03957783641161,,,,,,,,,,,,,,,,,,,,,
DEF_CB,0,12,Mario Hermoso,Atlético Madrid,ESP-La Liga,2223,DF,27.0,2110,78.4,4.914529914529915,86.5,65.3,3.8034188034188037,0.811965811965812,3.632478632478633,0.811965811965812,0.9401709401709403,0.6410256410256411,1.4957264957264957,56.5,40.53190883190883,2.41025641025641,0.042735042735042736,5.854700854700855,,,,,,,,,,,,,,,,,,,,,
DEF_CB,0,13,Trevoh Chalobah,Chelsea,ENG-Premier League,2223,DF,23.0,1608,78.3,3.9664804469273744,87.6,65.4,3.575418994413408,0.9497206703910616,3.128491620111732,1.340782122905028,1.7318435754189945,1.11731843575419,1.7318435754189945,49.2,43.643947858473005,2.3910614525139664,0.0558659217877095,4.804469273743017,,,,,,,,,,,,,,,,,,,,,
DEF_CB,0,14,Clément Lenglet,Barcelona,ESP-La Liga,1920,DF,24.0,2424,78.0,4.646840148698885,92.2,77.3,5.4275092936802976,1.0780669144981414,2.9368029739776955,1.3011152416356877,1.6356877323420076,1.1524163568773236,2.193308550185874,60.8,37.66443618339529,2.4237918215613385,0.03717472118959108,5.16728624535316,,,,,,,,,,,,,,,,,,,,,
DEF_CB,0,15,Mario Hermoso,Atlético Madrid,ESP-La Liga,2324,DF,28.0,2557,77.7,6.232394366197183,86.1,60.0,5.704225352112676,0.9507042253521127,3.274647887323944,1.0563380281690142,1.619718309859155,0.8802816901408451,1.619718309859155,59.0,38.539906103286384,2.563380281690141,0.0,5.915492957746479,,,,,,,,,,,,,,,,,,,,,
DEF_CB,0,16,Elseid Hysaj,Napoli,ITA-Serie A,2021,DF,26.0,1768,77.4,4.387755102040816,83.9,61.9,4.030612244897959,0.9183673469387754,2.6530612244897958,1.530612244897959,1.4795918367346939,0.8673469387755102,0.9183673469387754,58.1,41.906122448979595,2.5,0.0,5.918367346938775,,,,,,,,,,,,,,,,,,,,,
DEF_CB,0,17,Santiago Bueno,Girona,ESP-La Liga,2223,DF,23.0,3010,77.3,4.431137724550898,86.5,62.0,4.431137724550898,1.0179640718562875,3.1437125748502996,0.9281437125748503,1.8862275449101797,1.1377245508982037,2.215568862275449,64.3,38.838522954091815,2.2574850299401197,0.059880239520958084,4.311377245508982,,,,,,,,,,,,,,,,,,,,,
DEF_CB,0,18,Marin Pongračić,Lecce,ITA-Serie A,2324,DF,25.0,3219,77.3,3.7430167597765367,84.6,68.9,3.3240223463687153,1.0335195530726258,3.6312849162011176,1.4245810055865924,1.2011173184357542,0.8379888268156426,1.6480446927374304,60.8,42.54934823091248,2.4804469273743015,0.02793296089385475,5.111731843575419,,,,,,,,,,,,,,,,,,,,,
DEF_CB,0,19,Alessandro Bastoni,Inter,ITA-Serie A,1920,DF,20.0,1921,77.3,5.023474178403756,87.5,66.5,4.131455399061033,0.8450704225352113,2.5352112676056335,1.220657276995305,1.5023474178403755,0.7981220657276995,2.0187793427230045,63.2,47.939593114241006,2.488262910798122,0.0,6.338028169014084,,,,,,,,,,,,,,,,,,,,,
DEF_CB,0,20,Jean-Kevin Duverne,Brest,FRA-Ligue 1,2021,DF,23.0,2029,77.2,4.711111111111111,83.4,64.9,4.622222222222222,1.0666666666666667,3.111111111111111,1.3333333333333333,1.6888888888888889,0.9333333333333333,1.6888888888888889,43.2,46.52962962962963,2.4355555555555553,0.0,4.977777777777778,,,,,,,,,,,,,,,,,,,,,
DEF_CB,1,1,Diego Rico,Real Sociedad,ESP-La Liga,2223,DF,29.0,1646,91.0,3.4972677595628414,75.7,44.2,3.1147540983606556,0.9836065573770492,2.7868852459016393,1.0928961748633879,1.9125683060109289,1.1475409836065573,0.9836065573770492,51.4,33.494535519125684,2.4043715846994536,0.0546448087431694,5.245901639344262,,,,,,,,,,,,,,,,,,,,,
DEF_CB,1,2,Kelvin Amian,Toulouse,FRA-Ligue 1,1819,DF,20.0,2880,89.3,3.3125,78.0,45.4,2.34375,1.125,3.53125,1.125,2.125,1.40625,1.46875,49.0,37.322916666666664,2.50625,0.03125,4.625,,,,,,,,,,,,,,,,,,,,,
DEF_CB,1,3,Jean-Kevin Duverne,Nantes,FRA-Ligue 1,2324,DF,26.0,1348,88.6,4.266666666666667,80.3,50.0,3.0,1.1333333333333333,2.2666666666666666,1.2,2.466666666666667,1.2666666666666666,1.0,50.0,37.0,2.48,0.0,5.333333333333333,,,,,,,,,,,,,,,,,,,,,
DEF_CB,1,4,Bastian Oczipka,Schalke 04,GER-Bundesliga,1920,DF,30.0,3015,88.3,4.059701492537314,75.7,46.0,2.5671641791044775,1.044776119402985,2.029850746268657,1.1044776119402986,2.1492537313432836,1.492537313432836,0.8059701492537313,41.5,32.73532338308458,2.364179104477612,0.0,5.492537313432836,,,,,,,,,,,,,,,,,,,,,
DEF_CB,1,5,Hassane Kamara,Udinese,ITA-Serie A,2324,DF,29.0,2225,88.2,3.279352226720648,73.3,45.6,1.7004048582995952,1.174089068825911,2.672064777327935,1.0526315789473684,1.8218623481781377,1.2955465587044535,0.6477732793522267,53.3,36.515924426450745,2.3967611336032393,0.0,5.2631578947368425,,,,,,,,,,,,,,,,,,,,,
DEF_CB,1,6,Fouad Chafik,Dijon,FRA-Ligue 1,2021,DF,33.0,1622,88.1,3.611111111111111,75.5,40.4,3.1666666666666665,1.0555555555555556,2.2777777777777777,1.1666666666666667,2.1666666666666665,1.3333333333333333,0.9444444444444444,41.5,34.648148148148145,2.522222222222222,0.0,5.944444444444445,,,,,,,,,,,,,,,,,,,,,
DEF_CB,1,7,Ibrahima Mbaye,Bologna,ITA-Serie A,1819,DF,23.0,2010,87.9,3.3632286995515694,75.8,45.8,2.5112107623318383,0.9417040358744394,2.9596412556053813,0.852017937219731,2.1524663677130045,1.4349775784753362,1.6143497757847534,44.4,30.138116591928252,2.3946188340807177,0.04484304932735426,5.067264573991031,,,,,,,,,,,,,,,,,,,,,
DEF_CB,1,8,Peter Pekarík,Hertha BSC,GER-Bundesliga,2122,DF,34.0,2234,87.8,2.782258064516129,76.9,42.0,2.4596774193548385,1.129032258064516,2.338709677419355,1.1693548387096775,1.814516129032258,1.1693548387096775,1.129032258064516,58.3,34.10967741935483,2.3629032258064515,0.0,5.362903225806451,,,,,,,,,,,,,,,,,,,,,
DEF_CB,1,9,Zeki Çelik,Lille,FRA-Ligue 1,2021,DF,23.0,2381,87.0,3.849056603773585,77.2,43.7,3.207547169811321,1.2075471698113207,1.9622641509433962,1.4339622641509433,2.7169811320754715,1.2452830188679245,0.9433962264150944,53.2,35.54779874213836,2.5962264150943395,0.0,5.660377358490566,,,,,,,,,,,,,,,,,,,,,
DEF_CB,1,10,Stefan Lainer,Gladbach,GER-Bundesliga,2021,DF,27.0,2768,86.9,4.415584415584416,73.7,45.7,3.409090909090909,1.103896103896104,2.75974025974026,1.1363636363636362,2.012987012987013,1.2012987012987013,1.2012987012987013,59.7,36.967099567099574,2.383116883116883,0.032467532467532464,4.902597402597403,,,,,,,,,,,,,,,,,,,,,
DEF_CB,1,11,Tommy Smith,Huddersfield,ENG-Premier League,1819,DF,26.0,1141,86.5,2.7559055118110236,74.4,51.0,2.5196850393700787,0.9448818897637796,1.968503937007874,1.4173228346456694,2.047244094488189,1.0236220472440944,1.1023622047244095,50.0,37.034120734908136,2.299212598425197,0.0,5.118110236220473,,,,,,,,,,,,,,,,,,,,,
DEF_CB,1,12,Timothy Castagne,Leicester City,ENG-Premier League,2021,DF,24.0,2345,86.4,3.486590038314176,83.1,53.5,3.67816091954023,1.1111111111111112,2.375478927203065,1.1111111111111112,1.9923371647509578,1.2260536398467432,1.532567049808429,48.2,31.844189016602808,2.3065134099616857,0.038314176245210725,4.942528735632184,,,,,,,,,,,,,,,,,,,,,
DEF_CB,1,13,Kiko Femenía,Watford,ENG-Premier League,1819,DF,27.0,2049,86.3,4.649122807017544,80.2,50.0,2.280701754385965,1.0526315789473684,2.982456140350877,1.5789473684210527,2.1052631578947367,1.3157894736842104,0.5263157894736842,50.0,36.5421052631579,2.6666666666666665,0.0,5.614035087719298,,,,,,,,,,,,,,,,,,,,,
DEF_CB,1,14,Giorgos Kyriakopoulos,Sassuolo,ITA-Serie A,2021,DF,24.0,1456,86.2,3.6419753086419755,81.6,50.0,2.8395061728395063,0.9876543209876544,2.5925925925925926,0.9259259259259259,2.160493827160494,1.1111111111111112,1.0493827160493827,51.5,38.7164609053498,2.3580246913580245,0.0,5.123456790123457,,,,,,,,,,,,,,,,,,,,,
DEF_CB,1,15,Iago,Augsburg,GER-Bundesliga,2122,DF,24.0,2174,86.1,3.4710743801652892,67.1,43.3,2.5206611570247937,1.15702479338843,2.56198347107438,1.115702479338843,2.024793388429752,1.1983471074380165,0.9917355371900827,50.0,30.330578512396695,2.487603305785124,0.0,5.578512396694215,,,,,,,,,,,,,,,,,,,,,
DEF_CB,1,16,Adam Smith,Bournemouth,ENG-Premier League,1920,DF,28.0,2055,86.1,4.078947368421052,79.2,38.7,2.631578947368421,1.1842105263157894,2.807017543859649,1.0964912280701753,2.06140350877193,1.4035087719298245,1.4912280701754386,54.8,34.463742690058474,2.236842105263158,0.043859649122807015,4.035087719298246,,,,,,,,,,,,,,,,,,,,,
DEF_CB,1,17,Bartosz Bereszyński,Sampdoria,ITA-Serie A,2021,DF,28.0,2607,85.9,3.5517241379310347,80.4,49.6,2.6206896551724137,1.3793103448275863,3.0344827586206895,1.4482758620689655,2.2758620689655173,1.5172413793103448,0.9655172413793104,45.9,33.788505747126436,2.6758620689655173,0.0,5.241379310344827,,,,,,,,,,,,,,,,,,,,,
DEF_CB,1,18,Liberato Cacace,Empoli,ITA-Serie A,2324,DF,22.0,1912,85.9,3.9622641509433962,75.0,40.3,3.160377358490566,1.0849056603773586,2.6415094339622645,0.8962264150943396,1.8867924528301887,1.1320754716981132,0.8018867924528302,43.6,29.267295597484278,2.4245283018867925,0.0,5.613207547169812,,,,,,,,,,,,,,,,,,,,,
DEF_CB,1,19,Timothy Castagne,Leicester City,ENG-Premier League,2223,DF,26.0,3254,85.9,2.9281767955801103,80.1,45.5,2.458563535911602,1.3812154696132595,3.038674033149171,1.1878453038674033,2.4033149171270716,1.2154696132596685,1.5193370165745854,47.0,29.073112338858195,2.7182320441988947,0.0,5.580110497237569,,,,,,,,,,,,,,,,,,,,,
DEF_CB,1,20,Akim Zedadka,Auxerre,FRA-Ligue 1,2223,DF,27.0,1599,85.8,2.8651685393258424,76.8,48.3,1.9662921348314606,0.9550561797752809,2.8651685393258424,1.2921348314606742,1.9662921348314606,1.1797752808988764,1.348314606741573,51.1,26.04943820224719,2.4831460674157304,0.056179775280898875,5.337078651685393,,,,,,,,,,,,,,,,,,,,,
DEF_CB,2,1,Jarrad Branthwaite,Everton,ENG-Premier League,2324,DF,21.0,3116,82.5,2.138728323699422,79.8,54.2,1.7341040462427746,1.4739884393063583,4.710982658959537,1.445086705202312,1.9075144508670518,0.9248554913294798,2.7167630057803467,68.6,44.605587668593444,2.953757225433526,0.057803468208092484,5.231213872832369,,,,,,,,,,,,,,,,,,,,,
DEF_CB,2,2,Joakim Nilsson,Arminia,GER-Bundesliga,2122,DF,27.0,2735,82.3,2.236842105263158,80.0,55.6,2.1052631578947367,1.1842105263157896,4.703947368421053,1.842105263157895,1.2171052631578947,0.625,2.598684210526316,55.6,41.632894736842104,2.763157894736842,0.03289473684210526,4.868421052631579,,,,,,,,,,,,,,,,,,,,,
DEF_CB,2,3,Jorge Meré,Köln,GER-Bundesliga,1718,DF,20.0,1890,82.1,3.3333333333333335,84.3,70.5,2.5238095238095237,1.1904761904761905,5.238095238095238,1.619047619047619,1.619047619047619,1.0952380952380953,2.0952380952380953,55.7,44.265079365079366,2.885714285714286,0.047619047619047616,4.761904761904762,,,,,,,,,,,,,,,,,,,,,
DEF_CB,2,4,Moussa Niakhate,Mainz 05,GER-Bundesliga,1819,DF,22.0,2789,81.3,2.3548387096774195,82.1,65.3,2.161290322580645,1.3548387096774193,4.612903225806452,1.4193548387096775,1.5806451612903225,0.967741935483871,2.2580645161290325,58.8,49.98602150537635,3.0,0.03225806451612903,6.032258064516129,,,,,,,,,,,,,,,,,,,,,
DEF_CB,2,5,Rúben Vezo,Levante,ESP-La Liga,1920,DF,25.0,2610,81.3,2.5517241379310347,80.1,65.2,2.413793103448276,1.2758620689655173,4.9655172413793105,1.4482758620689655,1.4137931034482758,0.8275862068965517,2.8620689655172415,68.0,52.78735632183908,2.655172413793103,0.06896551724137931,4.172413793103448,,,,,,,,,,,,,,,,,,,,,
DEF_CB,2,6,Rafa Marín,Alavés,ESP-La Liga,2324,DF,21.0,2443,81.1,2.8413284132841325,82.5,60.2,2.6199261992619927,1.2546125461254611,4.760147601476015,1.2177121771217712,1.1808118081180812,0.7380073800738007,2.066420664206642,56.6,39.55547355473555,2.5461254612546123,0.07380073800738007,4.317343173431734,,,,,,,,,,,,,,,,,,,,,
DEF_CB,2,7,Sebastiaan Bornauw,Köln,GER-Bundesliga,1920,DF,20.0,2447,81.0,2.794117647058824,80.8,58.5,1.9485294117647058,1.1764705882352942,3.639705882352941,1.5441176470588236,1.3602941176470589,0.8823529411764706,2.610294117647059,60.2,47.13676470588235,2.6323529411764706,0.0,5.4411764705882355,,,,,,,,,,,,,,,,,,,,,
DEF_CB,2,8,Joe Worrall,Nott'ham Forest,ENG-Premier League,2223,DF,25.0,2224,80.7,2.7125506072874495,77.0,57.2,3.0364372469635628,1.3360323886639676,4.493927125506073,1.0526315789473684,2.145748987854251,1.0121457489878543,2.2267206477732793,62.5,46.57557354925776,2.8016194331983804,0.04048582995951417,4.9797570850202435,,,,,,,,,,,,,,,,,,,,,
DEF_CB,2,9,Nico Elvedi,Gladbach,GER-Bundesliga,2324,DF,26.0,2482,80.6,3.9492753623188404,88.8,58.1,2.681159420289855,1.4492753623188406,5.434782608695652,1.5579710144927534,1.1956521739130435,0.6521739130434783,2.608695652173913,61.0,43.436231884057975,2.9202898550724634,0.07246376811594203,4.963768115942028,,,,,,,,,,,,,,,,,,,,,
DEF_CB,2,10,Loïc Perrin,Saint-Étienne,FRA-Ligue 1,1819,DF,32.0,2700,80.6,3.4,85.7,63.3,2.6,1.2333333333333334,3.933333333333333,1.4666666666666666,1.7666666666666666,1.2,3.033333333333333,65.9,45.21111111111111,2.606666666666667,0.06666666666666667,4.633333333333334,,,,,,,,,,,,,,,,,,,,,
DEF_CB,2,11,Florian Lejeune,Alavés,ESP-La Liga,2021,DF,29.0,3015,79.8,1.9701492537313432,76.5,53.8,1.6417910447761195,1.1343283582089552,4.447761194029851,1.5223880597014925,1.2835820895522387,0.9552238805970149,2.8656716417910446,65.8,48.52189054726367,2.6328358208955223,0.029850746268656716,4.776119402985074,,,,,,,,,,,,,,,,,,,,,
DEF_CB,2,12,Miloš Veljković,Werder Bremen,GER-Bundesliga,2223,DF,26.0,2266,79.7,3.2142857142857144,81.1,62.0,3.015873015873016,1.2698412698412698,4.087301587301587,1.3095238095238095,1.1904761904761905,0.753968253968254,2.301587301587302,56.3,44.53386243386243,2.611111111111111,0.0,5.198412698412699,,,,,,,,,,,,,,,,,,,,,
DEF_CB,2,13,Rúben Vezo,Levante,ESP-La Liga,2122,DF,27.0,2420,79.6,3.2342007434944238,83.1,64.9,2.9739776951672865,1.5241635687732342,3.9033457249070636,1.338289962825279,1.5241635687732342,1.0780669144981414,1.933085501858736,55.9,40.111028500619575,2.7137546468401488,0.03717472118959108,5.278810408921934,,,,,,,,,,,,,,,,,,,,,
DEF_CB,2,14,Jonny Evans,Manchester Utd,ENG-Premier League,2324,DF,35.0,1392,79.5,2.3870967741935485,87.6,55.6,1.8709677419354838,1.6129032258064515,4.903225806451613,1.4838709677419355,1.4193548387096775,0.9032258064516129,2.3225806451612905,66.7,42.04086021505376,2.787096774193548,0.0,4.516129032258065,,,,,,,,,,,,,,,,,,,,,
DEF_CB,2,15,Erik Palmer-Brown,Troyes,FRA-Ligue 1,2122,DF,24.0,1734,79.4,1.8652849740932642,83.0,56.8,1.450777202072539,1.3471502590673574,4.507772020725389,1.761658031088083,1.9170984455958548,1.1398963730569949,1.5025906735751295,63.0,40.534196891191705,2.9637305699481864,0.05181347150259067,5.284974093264249,,,,,,,,,,,,,,,,,,,,,
DEF_CB,2,16,Ciaran Clark,Newcastle Utd,ENG-Premier League,2021,DF,30.0,1891,79.3,1.6666666666666667,81.3,53.3,1.7142857142857142,1.2857142857142858,4.9523809523809526,1.380952380952381,1.1428571428571428,0.6666666666666666,3.2857142857142856,63.3,38.86190476190476,2.7523809523809524,0.047619047619047616,5.0,,,,,,,,,,,,,,,,,,,,,
DEF_CB,2,17,Keven Schlotterbeck,Freiburg,GER-Bundesliga,2021,DF,23.0,1654,79.3,3.0434782608695654,80.5,60.2,2.173913043478261,1.4130434782608696,4.836956521739131,1.956521739130435,1.6847826086956523,0.5434782608695653,2.717391304347826,58.8,47.17246376811594,2.91304347826087,0.10869565217391305,4.673913043478262,,,,,,,,,,,,,,,,,,,,,
DEF_CB,2,18,Norbert Gyömbér,Salernitana,ITA-Serie A,2122,DF,29.0,2563,79.1,2.3157894736842106,76.1,53.1,2.0701754385964914,1.3333333333333333,4.421052631578948,1.543859649122807,1.8596491228070176,1.1228070175438596,1.4035087719298245,64.5,44.201169590643275,2.7017543859649122,0.03508771929824561,4.350877192982456,,,,,,,,,,,,,,,,,,,,,
DEF_CB,2,19,Diego Llorente,Real Sociedad,ESP-La Liga,1819,DF,24.0,1752,79.1,2.9743589743589745,84.2,65.6,2.6153846153846154,1.3846153846153846,4.256410256410256,1.3333333333333333,1.3333333333333333,0.7692307692307693,2.923076923076923,58.2,37.04102564102564,2.635897435897436,0.10256410256410256,4.871794871794871,,,,,,,,,,,,,,,,,,,,,
DEF_CB,2,20,Diego Carlos,Nantes,FRA-Ligue 1,1819,DF,25.0,3148,79.0,3.942857142857143,81.9,54.9,2.6,1.2571428571428571,5.314285714285714,1.4285714285714286,1.6571428571428573,0.9714285714285714,2.4571428571428573,55.5,44.319047619047616,3.125714285714286,0.02857142857142857,5.9714285714285715,,,,,,,,,,,,,,,,,,,,,
MID,0,1,Wahbi Khazri,Saint-Étienne,FRA-Ligue 1,2122,"FW,MF",30.0,2225,86.6,3.117408906882591,,,2.064777327935223,,,0.4858299595141701,1.3360323886639676,,,,,1.4251012145748987,,4.17004048582996,2.5506072874493926,5.82995951417004,1.2550607287449393,3.31,0.24,0.16194331983805668,0.8906882591093118,17.813765182186234,3.279352226720648,2.753036437246964,48.5,0.981012145748988,3.3906882591093117,,,,,,,,
MID,0,2,Riccardo Orsolini,Bologna,ITA-Serie A,1819,"FW,MF",21.0,1964,80.8,3.1192660550458715,,,2.6605504587155964,,,0.6422018348623852,1.8348623853211008,,,,,1.7522935779816513,,4.08256880733945,2.385321100917431,6.972477064220183,0.9174311926605504,3.21,0.37,0.2293577981651376,0.963302752293578,21.559633027522935,3.1192660550458715,3.3027522935779814,43.1,0.9714862385321101,3.784403669724771,,,,,,,,
MID,0,3,Christoph Baumgartner,Hoffenheim,GER-Bundesliga,2122,"MF,FW",21.0,1888,80.5,3.9523809523809526,,,2.380952380952381,,,0.38095238095238093,1.3333333333333333,,,,,1.7047619047619047,,4.904761904761905,1.619047619047619,5.523809523809524,1.0,2.53,0.19,0.14285714285714285,1.0952380952380953,18.285714285714285,3.619047619047619,2.2857142857142856,43.8,0.7999999999999999,3.369047619047619,,,,,,,,
MID,0,4,Christoph Baumgartner,Hoffenheim,GER-Bundesliga,2223,"MF,FW",22.0,2567,79.5,3.508771929824561,,,2.456140350877193,,,0.5263157894736842,1.263157894736842,,,,,1.8877192982456141,,4.982456140350878,2.6666666666666665,5.087719298245614,0.8421052631578947,3.12,0.42,0.17543859649122806,1.2280701754385965,17.719298245614034,4.140350877192983,4.0701754385964914,46.6,0.9284210526315789,3.4298245614035086,,,,,,,,
MID,0,5,Wahbi Khazri,Montpellier,FRA-Ligue 1,2223,"FW,MF",31.0,1635,79.5,2.6923076923076925,,,2.2527472527472527,,,0.4945054945054945,1.4285714285714286,,,,,1.7252747252747256,,4.670329670329671,2.197802197802198,5.0,1.043956043956044,2.31,0.39,0.16483516483516483,0.6593406593406593,14.89010989010989,3.5164835164835164,3.3516483516483517,45.9,0.7787912087912088,3.0357142857142856,,,,,,,,
MID,0,6,Nikola Vlašić,Torino,ITA-Serie A,2425,"MF,FW",26.0,2117,79.2,4.0,,,2.425531914893617,,,0.3829787234042553,1.574468085106383,,,,,1.4382978723404256,,3.9574468085106385,2.25531914893617,4.680851063829787,1.3617021276595744,2.98,0.34,0.2553191489361702,1.0212765957446808,18.29787234042553,2.5106382978723403,2.0425531914893615,50.0,0.9903404255319149,3.340425531914894,,,,,,,,
MID,0,7,Harry Wilson,Bournemouth,ENG-Premier League,1920,"MF,FW",22.0,1646,79.1,3.6065573770491803,,,2.2950819672131146,,,0.6010928961748634,1.256830601092896,,,,,1.7486338797814205,,4.644808743169398,1.5846994535519126,4.863387978142076,0.7650273224043715,2.68,0.22,0.16393442622950818,1.2021857923497268,19.83606557377049,2.73224043715847,1.8032786885245902,51.5,0.7590054644808744,3.087431693989071,,,,,,,,
MID,0,8,Mathias Pereira Lage,Angers,FRA-Ligue 1,1920,MF,22.0,1542,78.3,2.923976608187134,,,1.8128654970760232,,,0.9941520467836257,1.7543859649122806,,,,,1.637426900584795,,3.8011695906432745,2.8654970760233915,7.953216374269005,1.286549707602339,2.98,0.35,0.23391812865497075,0.8771929824561403,19.005847953216374,2.5146198830409356,1.9298245614035086,39.4,0.9933099415204676,3.8888888888888884,,,,,,,,
MID,0,9,Ruben Vargas,Augsburg,GER-Bundesliga,2223,"MF,FW",23.0,1130,78.0,3.3333333333333335,,,2.0634920634920637,,,0.4761904761904762,1.1904761904761905,,,,,1.8253968253968254,,5.555555555555555,2.5396825396825395,5.396825396825397,1.2698412698412698,2.47,0.32,0.2380952380952381,1.2698412698412698,19.126984126984127,2.619047619047619,3.7301587301587302,44.7,0.911968253968254,3.3333333333333335,,,,,,,,
MID,0,10,Ayoze Pérez,Newcastle Utd,ENG-Premier League,1718,"MF,FW",24.0,2492,77.9,2.7075812274368234,,,1.696750902527076,,,0.8664259927797834,1.407942238267148,,,,,1.8267148014440433,,4.548736462093863,2.4548736462093865,6.425992779783393,1.2996389891696751,3.07,0.36,0.2527075812274368,0.6137184115523466,17.43682310469314,4.043321299638989,2.2743682310469313,50.8,1.015927797833935,3.32129963898917,,,,,,,,
MID,0,11,Mathieu Cafaro,Reims,FRA-Ligue 1,2021,"MF,FW",23.0,2074,77.7,3.0,,,2.347826086956522,,,0.7391304347826086,1.7391304347826086,,,,,1.6608695652173915,,4.826086956521739,2.652173913043478,4.826086956521739,1.0434782608695652,2.04,0.3,0.2608695652173913,1.0869565217391304,19.73913043478261,1.9130434782608696,2.260869565217391,40.4,0.716695652173913,3.2065217391304346,,,,,,,,
MID,0,12,Aimar Oroz,Osasuna,ESP-La Liga,2425,MF,22.0,2966,77.5,4.9393939393939394,,,2.757575757575758,,,0.6060606060606061,1.0606060606060606,,,,,1.5636363636363637,,4.96969696969697,2.242424242424242,4.303030303030303,1.2424242424242424,2.79,0.24,0.18181818181818182,1.0909090909090908,18.393939393939394,2.212121212121212,3.0606060606060606,48.5,0.8964848484848484,3.5606060606060606,,,,,,,,
MID,0,13,Weston McKennie,Juventus,ITA-Serie A,2324,"MF,DF",24.0,2594,77.1,3.194444444444444,,,1.8055555555555556,,,0.625,1.6666666666666665,,,,,1.9305555555555558,,3.9930555555555554,2.2222222222222223,6.111111111111111,1.4236111111111112,2.84,0.31,0.2777777777777778,0.9722222222222222,19.40972222222222,2.3958333333333335,1.8402777777777777,34.0,0.9887222222222223,3.333333333333333,,,,,,,,
MID,0,14,Brais Méndez,Celta Vigo,ESP-La Liga,1920,"MF,FW",22.0,1477,77.0,4.207317073170732,,,3.4756097560975614,,,0.7317073170731708,1.5853658536585367,,,,,1.9146341463414636,,4.634146341463415,2.1341463414634148,6.890243902439025,1.0365853658536586,2.5,0.24,0.1829268292682927,1.0365853658536586,20.121951219512198,2.3170731707317076,2.5,53.7,0.7913170731707317,4.176829268292684,,,,,,,,
MID,0,15,Riccardo Orsolini,Bologna,ITA-Serie A,2122,"FW,MF",24.0,1785,76.8,3.0303030303030303,,,2.0202020202020203,,,0.25252525252525254,1.0606060606060606,,,,,1.2323232323232323,,3.686868686868687,1.9191919191919191,6.313131313131313,1.0606060606060606,2.87,0.3,0.15151515151515152,1.0101010101010102,20.656565656565657,2.7777777777777777,2.929292929292929,44.8,0.8981212121212121,3.320707070707071,,,,,,,,
MID,0,16,Sergi Canós,Valencia,ESP-La Liga,2324,"MF,FW",26.0,1229,76.8,3.7956204379562046,,,2.1167883211678835,,,0.8029197080291971,1.6788321167883213,,,,,1.7664233576642339,,4.671532846715329,2.3357664233576645,6.423357664233577,0.8759124087591241,2.35,0.15,0.14598540145985403,1.2408759124087592,20.437956204379564,4.014598540145986,2.7737226277372264,47.4,0.7411824817518248,3.6678832116788325,,,,,,,,
MID,0,17,Mikel Oyarzabal,Real Sociedad,ESP-La Liga,1819,"FW,MF",21.0,3153,76.7,3.1142857142857143,,,1.5142857142857142,,,0.4,1.0285714285714285,,,,,1.5257142857142856,,3.914285714285714,2.7714285714285714,6.085714285714285,1.2857142857142858,2.85,0.43,0.22857142857142856,0.6,19.02857142857143,3.742857142857143,2.7142857142857144,49.5,0.9531428571428571,3.3714285714285714,,,,,,,,
MID,0,18,Jack Harrison,Everton,ENG-Premier League,2324,"MF,FW",26.0,2214,76.5,2.5203252032520322,,,1.5040650406504064,,,0.4878048780487805,1.5040650406504064,,,,,1.8455284552845526,,5.24390243902439,2.6422764227642275,5.48780487804878,1.1382113821138211,2.68,0.28,0.2032520325203252,1.3821138211382114,18.089430894308943,2.3983739837398375,3.048780487804878,38.7,0.8716422764227643,3.0386178861788613,,,,,,,,
MID,0,19,Mohamed Elyounoussi,Southampton,ENG-Premier League,2122,"MF,FW",26.0,2042,76.2,3.5682819383259914,,,1.7180616740088106,,,0.5286343612334802,1.5859030837004406,,,,,1.5947136563876652,,3.6123348017621146,2.5991189427312777,5.462555066079295,1.2334801762114538,2.51,0.26,0.13215859030837004,0.8370044052863437,19.515418502202643,3.7004405286343616,1.9823788546255507,62.2,0.8386960352422907,3.3370044052863435,,,,,,,,
MID,0,20,Stuart Armstrong,Southampton,ENG-Premier League,1920,MF,27.0,1715,76.2,3.7172774869109944,,,1.8848167539267013,,,0.5759162303664921,1.6753926701570678,,,,,2.031413612565445,,5.549738219895287,2.3560209424083767,5.287958115183246,0.9424083769633507,3.15,0.42,0.20942408376963348,1.1518324607329842,17.539267015706805,2.1989528795811517,2.7748691099476437,56.6,0.9544816753926701,3.3115183246073294,,,,,,,,
MID,1,1,Amadou Haidara,RB Leipzig,GER-Bundesliga,2425,MF,26.0,1320,89.8,4.421768707482993,,,4.421768707482993,,,1.2244897959183674,2.0408163265306123,,,,,3.183673469387755,,5.98639455782313,0.4761904761904762,1.6326530612244898,0.3401360544217687,1.98,0.2,0.1360544217687075,0.8843537414965987,10.680272108843537,0.9523809523809524,0.8163265306122449,58.3,0.5300272108843538,2.738095238095238,,,,,,,,
MID,1,2,Manuel Locatelli,Juventus,ITA-Serie A,2223,MF,24.0,2446,88.3,4.926470588235294,,,5.294117647058823,,,0.9926470588235294,2.1691176470588234,,,,,2.6691176470588234,,6.176470588235294,0.9191176470588236,1.3602941176470589,0.8088235294117647,2.06,0.26,0.18382352941176472,0.47794117647058826,10.404411764705882,0.7352941176470589,0.9926470588235294,55.6,0.6537647058823529,3.125,,,,,,,,
MID,1,3,Ibrahima Sissoko,Strasbourg,FRA-Ligue 1,1819,MF,20.0,2665,88.3,4.763513513513513,,,3.918918918918919,,,1.1486486486486487,2.0270270270270268,,,,,2.4121621621621623,,6.3175675675675675,1.9594594594594594,2.5675675675675675,0.7432432432432432,2.3,0.2,0.16891891891891891,0.6081081081081081,11.655405405405405,1.4527027027027026,1.8918918918918919,58.9,0.6786486486486487,3.302364864864865,,,,,,,,
MID,1,4,Weston McKennie,Leeds United,ENG-Premier League,2223,MF,23.0,1437,88.2,5.125,,,3.125,,,1.375,1.875,,,,,2.4375,,5.9375,0.875,2.0625,0.8125,1.82,0.19,0.125,0.9375,14.25,1.0625,1.0,68.8,0.5845,2.796875,,,,,,,,
MID,1,5,Andrea Poli,Bologna,ITA-Serie A,1718,MF,27.0,2543,87.4,3.9929328621908127,,,3.4275618374558303,,,1.519434628975265,2.3321554770318023,,,,,2.6431095406360425,,6.46643109540636,0.6713780918727915,2.791519434628975,0.4946996466431095,1.66,0.18,0.17667844522968199,0.6713780918727915,10.282685512367491,0.9540636042402827,1.0247349823321554,69.0,0.4709399293286219,2.7208480565371027,,,,,,,,
MID,1,6,Baptiste Santamaria,Rennes,FRA-Ligue 1,2324,MF,28.0,1926,87.3,6.261682242990655,,,4.85981308411215,,,1.5887850467289721,2.429906542056075,,,,,2.4205607476635516,,5.841121495327103,0.6074766355140188,1.6822429906542058,0.6074766355140188,2.24,0.14,0.09345794392523366,0.7009345794392524,9.906542056074768,0.8411214953271029,1.1682242990654206,56.0,0.6134953271028037,3.3528037383177574,,,,,,,,
MID,1,7,Wataru Endo,Stuttgart,GER-Bundesliga,2122,MF,28.0,2899,87.3,5.124223602484472,,,3.913043478260869,,,0.9316770186335402,2.2670807453416146,,,,,2.7080745341614905,,7.0186335403726705,1.0559006211180124,1.9565217391304346,0.6832298136645962,1.96,0.09,0.09316770186335403,0.43478260869565216,11.149068322981366,1.6770186335403725,1.6770186335403725,63.0,0.5666459627329192,3.012422360248447,,,,,,,,
MID,1,8,Tomás Rincón,Torino,ITA-Serie A,1920,MF,31.0,2702,87.2,4.933333333333334,,,3.9,,,1.2,1.8666666666666667,,,,,2.353333333333333,,5.966666666666667,2.2666666666666666,1.1333333333333333,0.9333333333333333,1.73,0.13,0.13333333333333333,0.7333333333333333,10.566666666666666,0.6333333333333333,1.4333333333333333,69.8,0.5886666666666667,3.058333333333333,,,,,,,,
MID,1,9,Hugo Magnetti,Brest,FRA-Ligue 1,2223,MF,24.0,1688,87.1,3.723404255319149,,,3.404255319148936,,,1.3297872340425532,2.2872340425531914,,,,,2.425531914893617,,6.75531914893617,1.702127659574468,1.4361702127659575,0.6382978723404255,1.81,0.27,0.15957446808510636,0.425531914893617,9.893617021276595,0.5319148936170213,1.8617021276595744,65.7,0.5716595744680851,2.5664893617021276,,,,,,,,
MID,1,10,Tomás Rincón,Torino,ITA-Serie A,1819,MF,30.0,2799,87.1,4.630225080385852,,,4.083601286173633,,,1.35048231511254,2.4115755627009645,,,,,2.8745980707395495,,7.202572347266881,1.7684887459807073,1.3183279742765273,0.9003215434083601,2.6,0.23,0.12861736334405144,0.8681672025723473,12.057877813504822,0.5787781350482315,1.4147909967845658,59.1,0.760064308681672,2.95016077170418,,,,,,,,
MID,1,11,Simone Missiroli,SPAL,ITA-Serie A,1819,MF,32.0,2741,87.1,5.60655737704918,,,4.065573770491803,,,1.5081967213114753,1.901639344262295,,,,,2.524590163934426,,6.262295081967213,2.3278688524590163,2.360655737704918,0.8852459016393442,2.23,0.1,0.09836065573770492,0.6229508196721312,12.885245901639344,0.5245901639344263,1.0491803278688525,62.5,0.6510491803278688,3.5901639344262293,,,,,,,,
MID,1,12,Mikel San José,Athletic Club,ESP-La Liga,1718,MF,28.0,2155,86.8,5.062761506276151,,,4.058577405857741,,,1.7154811715481173,2.175732217573222,,,,,2.6527196652719667,,6.317991631799163,0.6694560669456068,1.5062761506276152,0.502092050209205,1.59,0.13,0.041841004184100423,0.502092050209205,8.03347280334728,1.2552301255230127,1.3389121338912136,62.5,0.46241841004184103,2.8242677824267783,,,,,,,,
MID,1,13,Atakan Karazor,Stuttgart,GER-Bundesliga,2425,MF,27.0,2618,86.7,4.810996563573883,,,5.154639175257731,,,1.099656357388316,2.027491408934708,,,,,2.4192439862542954,,5.876288659793814,0.6529209621993127,1.134020618556701,0.5154639175257731,1.48,0.24,0.1718213058419244,0.6185567010309279,12.33676975945017,0.9278350515463917,0.7216494845360825,57.1,0.4930927835051547,2.938144329896907,,,,,,,,
MID,1,14,Jefferson Lerma,Crystal Palace,ENG-Premier League,2324,"MF,DF",28.0,2400,86.7,3.9700374531835205,,,4.082397003745318,,,1.348314606741573,1.5730337078651686,,,,,2.659176029962547,,6.51685393258427,0.5243445692883896,1.9101123595505618,0.898876404494382,2.06,0.15,0.149812734082397,0.7490636704119851,10.861423220973784,1.4981273408239701,0.7490636704119851,55.0,0.6457752808988764,2.6217228464419473,,,,,,,,
MID,1,15,Kristijan Jakić,Augsburg,GER-Bundesliga,2324,MF,26.0,1051,86.6,4.786324786324786,,,3.5042735042735047,,,1.7094017094017095,2.393162393162393,,,,,2.6495726495726495,,6.752136752136752,0.9401709401709403,0.8547008547008548,0.5982905982905983,1.71,0.26,0.17094017094017094,0.6837606837606838,8.88888888888889,0.9401709401709403,0.9401709401709403,54.5,0.5356581196581196,2.5213675213675217,,,,,,,,
MID,1,16,Adrien Tameze,Nice,FRA-Ligue 1,1819,MF,24.0,2942,86.5,4.984709480122324,,,3.8532110091743115,,,1.712538226299694,2.262996941896024,,,,,2.5932721712538225,,5.565749235474006,0.948012232415902,1.8348623853211008,0.7645259938837919,1.84,0.09,0.061162079510703356,0.39755351681957185,8.53211009174312,0.6422018348623852,2.0489296636085625,59.7,0.5649051987767584,2.9051987767584095,,,,,,,,
MID,1,17,Ibrahima Sissoko,Strasbourg,FRA-Ligue 1,2324,MF,25.0,1642,86.4,4.835164835164836,,,3.6813186813186816,,,1.043956043956044,2.5824175824175826,,,,,2.472527472527473,,5.934065934065934,0.8241758241758242,0.989010989010989,0.6593406593406593,1.92,0.16,0.054945054945054944,0.38461538461538464,10.164835164835166,1.5934065934065935,1.153846153846154,52.4,0.5758681318681319,2.5824175824175826,,,,,,,,
MID,1,18,Edu Expósito,Eibar,ESP-La Liga,1920,MF,22.0,2316,86.3,4.046692607003891,,,3.11284046692607,,,1.206225680933852,2.0233463035019454,,,,,2.4280155642023344,,7.4319066147859925,0.933852140077821,2.2568093385214008,0.7782101167315175,2.02,0.12,0.07782101167315175,0.5058365758754864,11.517509727626459,0.8171206225680934,1.1673151750972763,66.7,0.5976420233463035,2.5875486381322954,,,,,,,,
MID,1,19,Scott McTominay,Manchester Utd,ENG-Premier League,2122,MF,24.0,2387,86.3,4.716981132075472,,,4.264150943396227,,,1.169811320754717,2.452830188679245,,,,,2.807547169811321,,6.452830188679245,1.509433962264151,1.3962264150943395,0.8679245283018868,1.92,0.23,0.1509433962264151,0.33962264150943394,11.20754716981132,1.0188679245283019,1.7735849056603774,76.6,0.6235849056603773,2.9716981132075473,,,,,,,,
MID,1,20,Samuel Moutoussamy,Nantes,FRA-Ligue 1,2223,MF,25.0,2399,86.3,5.842696629213483,,,4.644194756554307,,,0.898876404494382,2.397003745318352,,,,,2.194756554307116,,6.254681647940075,1.5355805243445693,1.6853932584269664,0.6741573033707865,1.95,0.19,0.149812734082397,0.4868913857677903,9.51310861423221,1.2359550561797754,1.0861423220973783,55.2,0.5868314606741574,3.426966292134831,,,,,,,,
MID,2,1,Alex Iwobi,Fulham,ENG-Premier League,2324,"FW,MF",27.0,2192,89.6,6.024590163934427,,,3.4426229508196724,,,0.5737704918032788,1.1885245901639345,,,,,1.7459016393442623,,5.942622950819673,4.467213114754099,7.172131147540984,2.0081967213114753,4.23,0.41,0.3278688524590164,1.8852459016393444,22.008196721311478,3.319672131147541,2.9508196721311477,51.4,1.3836393442622952,5.276639344262295,,,,,,,,
MID,2,2,Amine Harit,Marseille,FRA-Ligue 1,2324,"MF,FW",26.0,1821,88.5,6.287128712871287,,,4.257425742574258,,,0.594059405940594,1.3861386138613863,,,,,1.9405940594059405,,5.99009900990099,4.158415841584159,5.544554455445545,1.9306930693069309,4.45,0.35,0.34653465346534656,1.6336633663366338,25.495049504950497,3.1683168316831685,3.712871287128713,52.0,1.402138613861386,5.061881188118812,,,,,,,,
MID,2,3,Hakan Çalhanoğlu,Milan,ITA-Serie A,1920,"MF,FW",25.0,2704,88.5,5.533333333333333,,,4.166666666666667,,,0.8666666666666667,1.4,,,,,1.8399999999999999,,5.2,3.4,6.433333333333334,2.3333333333333335,4.73,0.5,0.36666666666666664,1.5,31.033333333333335,2.9,1.5,62.2,1.624666666666667,4.883333333333334,,,,,,,,
MID,2,4,Paulo Dybala,Juventus,ITA-Serie A,1819,"FW,MF",24.0,2137,88.0,6.033755274261604,,,3.8818565400843883,,,0.5907172995780591,0.7172995780590717,,,,,1.5189873417721518,,5.40084388185654,2.911392405063291,6.49789029535865,2.109704641350211,4.84,0.63,0.4219409282700422,1.3080168776371308,28.438818565400844,2.911392405063291,3.79746835443038,54.4,1.581940928270042,4.831223628691983,,,,,,,,
MID,2,5,Ross Barkley,Chelsea,ENG-Premier League,1920,MF,25.0,1103,88.0,5.203252032520325,,,4.308943089430894,,,0.5691056910569106,1.3008130081300813,,,,,1.7235772357723576,,5.609756097560975,3.7398373983739837,5.121951219512195,1.951219512195122,4.24,0.49,0.4065040650406504,1.4634146341463414,24.227642276422763,2.5203252032520322,3.252032520325203,67.5,1.4402439024390243,4.59349593495935,,,,,,,,
MID,2,6,Fermin López,Barcelona,ESP-La Liga,2425,"MF,FW",21.0,1252,88.0,5.683453237410072,,,4.676258992805756,,,0.3597122302158273,1.3669064748201438,,,,,1.4964028776978417,,4.748201438848921,2.2302158273381294,7.76978417266187,2.0863309352517985,4.1,0.5,0.5035971223021583,1.4388489208633093,31.72661870503597,4.244604316546763,3.9568345323741005,45.5,1.4652661870503596,5.089928057553957,,,,,,,,
MID,2,7,Hamed Junior Traorè,Sassuolo,ITA-Serie A,1920,"MF,FW",19.0,1570,87.9,5.114942528735632,,,3.2758620689655173,,,0.632183908045977,1.781609195402299,,,,,1.7011494252873565,,4.42528735632184,3.8505747126436787,6.321839080459771,1.7241379310344829,4.24,0.4,0.3448275862068966,1.264367816091954,27.931034482758623,3.563218390804598,2.873563218390805,52.0,1.3068275862068968,4.64080459770115,,,,,,,,
MID,2,8,Riyad Mahrez,Leicester City,ENG-Premier League,1718,"MF,FW",26.0,2950,87.4,5.7926829268292686,,,3.7195121951219514,,,0.5487804878048781,1.1890243902439026,,,,,1.6951219512195124,,5.3048780487804885,3.689024390243903,5.823170731707317,1.7378048780487807,4.36,0.7,0.3658536585365854,1.524390243902439,25.000000000000004,3.3231707317073176,4.817073170731708,51.3,1.4655609756097563,4.75609756097561,,,,,,,,
MID,2,9,Gastón Ramírez,Sampdoria,ITA-Serie A,1718,MF,26.0,2214,86.9,4.5528455284552845,,,3.252032520325203,,,0.7317073170731707,1.3414634146341462,,,,,1.9268292682926826,,5.365853658536585,1.9918699186991868,6.788617886178861,1.951219512195122,4.55,0.65,0.3252032520325203,1.7073170731707317,26.46341463414634,2.3983739837398375,3.536585365853658,64.4,1.5202439024390244,4.146341463414634,,,,,,,,
MID,2,10,Rade Krunić,Empoli,ITA-Serie A,1819,MF,24.0,2772,86.6,5.844155844155844,,,3.6688311688311686,,,0.7792207792207793,1.2337662337662338,,,,,1.818181818181818,,4.902597402597403,4.220779220779221,6.201298701298701,1.655844155844156,3.8,0.42,0.3246753246753247,1.4285714285714286,22.4025974025974,3.279220779220779,2.4675324675324677,61.8,1.2611688311688312,4.983766233766233,,,,,,,,
MID,2,11,Thomas Lemar,Monaco,FRA-Ligue 1,1718,"MF,FW",21.0,2378,86.5,6.8939393939393945,,,5.113636363636364,,,0.6818181818181819,1.25,,,,,1.734848484848485,,5.303030303030304,3.522727272727273,6.174242424242425,2.0833333333333335,4.05,0.61,0.26515151515151514,1.3636363636363638,24.166666666666668,1.3636363636363638,3.3712121212121215,51.7,1.4606666666666668,5.426136363636364,,,,,,,,
MID,2,12,Matheus Cunha,Wolves,ENG-Premier League,2425,"MF,FW",25.0,2597,86.4,4.982698961937716,,,3.183391003460208,,,0.5882352941176471,1.3148788927335642,,,,,1.550173010380623,,4.325259515570934,3.8754325259515574,5.570934256055364,1.9377162629757787,4.57,0.55,0.34602076124567477,2.0069204152249136,25.36332179930796,4.602076124567474,4.740484429065744,44.5,1.5075432525951558,4.403114186851211,,,,,,,,
MID,2,13,Emanuel Vignato,Bologna,ITA-Serie A,2021,"FW,MF",19.0,1203,86.4,5.895522388059701,,,4.17910447761194,,,0.7462686567164178,1.3432835820895521,,,,,1.8507462686567162,,6.1940298507462686,3.2089552238805967,6.044776119402985,1.9402985074626866,3.73,0.45,0.3731343283582089,1.417910447761194,25.149253731343283,1.8656716417910448,2.835820895522388,60.5,1.3380597014925373,4.832089552238806,,,,,,,,
MID,2,14,Maghnes Akliouche,Monaco,FRA-Ligue 1,2324,"MF,FW",21.0,1613,86.2,5.195530726256984,,,3.575418994413408,,,0.5027932960893855,2.0670391061452515,,,,,2.011173184357542,,6.145251396648045,2.569832402234637,7.5418994413407825,2.122905027932961,4.91,0.5,0.3910614525139665,2.122905027932961,28.659217877094974,4.41340782122905,2.905027932960894,51.9,1.5885810055865923,4.720670391061453,,,,,,,,
MID,2,15,Oihan Sancet,Athletic Club,ESP-La Liga,2324,MF,23.0,1975,86.2,5.525114155251142,,,3.6529680365296806,,,0.4566210045662101,0.8675799086757991,,,,,1.3333333333333335,,4.885844748858448,3.4703196347031966,7.1689497716894985,1.9178082191780823,3.83,0.41,0.36529680365296807,1.5525114155251143,23.56164383561644,3.7899543378995437,2.5570776255707766,46.4,1.3195616438356166,4.954337899543379,,,,,,,,
MID,2,16,David Costa,Lens,FRA-Ligue 1,2122,"MF,FW",20.0,1464,86.2,5.889570552147239,,,3.742331288343558,,,0.7975460122699386,1.3496932515337423,,,,,1.4846625766871164,,4.233128834355828,3.4355828220858893,6.07361963190184,2.515337423312883,4.3,0.61,0.49079754601226994,1.2269938650306749,23.558282208588956,3.4355828220858893,2.2699386503067482,64.9,1.5910674846625767,4.785276073619631,,,,,,,,
MID,2,17,Iago Falque,Torino,ITA-Serie A,1718,"FW,MF",27.0,2821,86.1,3.9297124600638975,,,2.6837060702875397,,,0.4792332268370607,1.3099041533546325,,,,,1.5399361022364217,,4.728434504792332,2.7156549520766773,8.881789137380192,2.268370607028754,4.21,0.45,0.3514376996805112,1.6293929712460065,23.86581469648562,3.3546325878594248,2.6517571884984026,55.4,1.4816741214057507,4.552715654952077,,,,,,,,
MID,2,18,Henrikh Mkhitaryan,Roma,ITA-Serie A,1920,"MF,FW",30.0,1530,85.6,5.470588235294118,,,3.0588235294117645,,,0.6470588235294118,1.8823529411764706,,,,,1.8,,4.529411764705882,3.4705882352941178,5.647058823529412,1.588235294117647,4.29,0.53,0.47058823529411764,1.3529411764705883,20.823529411764707,3.9411764705882355,2.588235294117647,47.7,1.3736470588235294,4.411764705882353,,,,,,,,
MID,2,19,Thomas Lemar,Atlético Madrid,ESP-La Liga,2122,MF,25.0,1440,85.5,5.9375,,,3.0,,,0.5,1.5,,,,,1.65,,4.4375,3.375,5.75,1.9375,4.12,0.69,0.4375,2.4375,27.5625,2.8125,3.5,58.9,1.4535,4.515625,,,,,,,,
MID,2,20,Andreas Pereira,Manchester Utd,ENG-Premier League,1920,"MF,FW",23.0,1484,85.4,5.393939393939394,,,3.696969696969697,,,0.42424242424242425,1.4545454545454546,,,,,1.6484848484848484,,5.151515151515151,2.9696969696969697,6.181818181818182,1.9393939393939394,3.82,0.49,0.42424242424242425,0.9090909090909091,26.78787878787879,2.909090909090909,2.0,60.6,1.3338787878787879,4.5606060606060606,,,,,,,,
ATT_CF,0,1,Son Heung-min,Tottenham,ENG-Premier League,2324,FW,31.0,2934,87.9,,,,,,,,,,,,,,,,3.6503067484662575,9.969325153374232,2.085889570552147,3.96,0.52,0.3987730061349693,,,6.5030674846625764,2.822085889570552,42.4,1.4471779141104293,4.77760736196319,0.37,2.55,1.17,0.18,0.39,15.5,1.9631901840490797,2.222613496932515
ATT_CF,0,2,Karl Toko Ekambi,Lyon,FRA-Ligue 1,2122,FW,28.0,2296,87.5,,,,,,,,,,,,,,,,3.4901960784313726,10.509803921568627,1.5294117647058822,3.33,0.47,0.35294117647058826,,,5.686274509803922,3.2941176470588234,52.4,1.1458823529411766,4.303921568627451,0.49,2.9,1.41,0.14,0.28,14.4,1.411764705882353,2.1912549019607845
ATT_CF,0,3,Joaquín Correa,Lazio,ITA-Serie A,2021,FW,25.0,1933,87.5,,,,,,,,,,,,,,,,3.0697674418604652,8.69767441860465,1.3488372093023255,4.29,0.7,0.27906976744186046,,,6.604651162790698,3.9069767441860463,41.7,1.3157674418604652,4.232558139534884,0.32,2.47,1.02,0.13,0.32,13.9,1.5813953488372092,2.15693023255814
ATT_CF,0,4,Dries Mertens,Napoli,ITA-Serie A,1718,FW,30.0,3002,86.7,,,,,,,,,,,,,,,,2.604790419161677,11.467065868263473,1.7365269461077846,4.17,0.51,0.32934131736526945,,,5.479041916167665,2.6347305389221556,47.7,1.369305389221557,4.663173652694611,0.54,3.69,1.26,0.11,0.33,18.4,1.5868263473053892,2.3018083832335328
ATT_CF,0,5,Stephan El Shaarawy,Roma,ITA-Serie A,1718,FW,24.0,2155,86.3,,,,,,,,,,,,,,,,3.263598326359833,10.418410041841005,1.4644351464435148,4.3,0.46,0.29288702928870297,,,4.7280334728033475,3.5146443514644354,44.0,1.318887029288703,4.989539748953975,0.37,3.05,0.96,0.1,0.3,16.3,1.00418410041841,1.8796066945606698
ATT_CF,0,6,Sadio Mané,Liverpool,ENG-Premier League,1718,FW,25.0,2190,86.3,,,,,,,,,,,,,,,,4.609053497942386,11.11111111111111,1.9753086419753085,4.32,0.58,0.411522633744856,,,5.473251028806584,3.539094650205761,64.0,1.4770617283950618,5.730452674897119,0.44,2.88,1.07,0.14,0.38,15.4,1.8930041152263375,2.054650205761317
ATT_CF,0,7,Son Heung-min,Tottenham,ENG-Premier League,1920,FW,27.0,2476,85.9,,,,,,,,,,,,,,,,3.272727272727273,7.818181818181818,1.490909090909091,3.6,0.69,0.43636363636363634,,,4.9818181818181815,3.890909090909091,57.9,1.2741818181818183,3.781818181818182,0.32,2.91,1.34,0.14,0.3,17.2,2.036363636363636,1.9903636363636363
ATT_CF,0,8,Karl Toko Ekambi,Lyon,FRA-Ligue 1,2021,FW,27.0,2811,85.7,,,,,,,,,,,,,,,,3.782051282051282,9.006410256410257,1.5705128205128205,3.11,0.48,0.32051282051282054,,,5.769230769230769,3.3974358974358974,57.5,1.1141025641025641,4.2548076923076925,0.55,2.88,1.25,0.16,0.36,13.6,1.7307692307692308,2.179846153846154
ATT_CF,0,9,Hirving Lozano,Napoli,ITA-Serie A,2021,FW,25.0,1965,84.4,,,,,,,,,,,,,,,,5.137614678899082,11.743119266055045,1.6055045871559632,3.98,0.46,0.2293577981651376,,,5.91743119266055,3.2110091743119265,41.4,1.2811009174311925,4.919724770642201,0.43,2.7,1.24,0.19,0.41,15.5,1.9724770642201834,2.15748623853211
ATT_CF,0,10,Maxwel Cornet,Lyon,FRA-Ligue 1,1819,FW,21.0,1281,84.3,,,,,,,,,,,,,,,,4.366197183098592,13.943661971830986,1.6901408450704227,4.08,0.63,0.35211267605633806,,,5.563380281690141,3.6619718309859155,44.2,1.4080281690140846,5.123239436619718,0.52,3.3,1.55,0.15,0.32,15.5,1.9014084507042255,2.2846760563380277
ATT_CF,0,11,Phil Foden,Manchester City,ENG-Premier League,2122,FW,21.0,2128,84.3,,,,,,,,,,,,,,,,3.0084745762711864,10.508474576271185,1.694915254237288,3.76,0.55,0.3389830508474576,,,5.805084745762712,2.4576271186440675,63.8,1.2969830508474574,4.947033898305085,0.4,2.41,0.93,0.16,0.41,14.5,1.6525423728813557,1.9850169491525425
ATT_CF,0,12,Memphis,Barcelona,ESP-La Liga,2122,FW,27.0,1851,84.3,,,,,,,,,,,,,,,,4.0291262135922326,11.601941747572814,2.1844660194174756,3.99,0.49,0.1941747572815534,,,6.2621359223300965,3.5922330097087376,60.8,1.3948932038834951,5.133495145631068,0.54,2.72,1.41,0.14,0.28,19.4,2.1844660194174756,2.302427184466019
ATT_CF,0,13,Marcus Rashford,Manchester Utd,ENG-Premier League,1819,FW,20.0,2334,83.9,,,,,,,,,,,,,,,,2.857142857142857,8.687258687258687,1.4671814671814674,3.12,0.5,0.3088803088803089,,,5.366795366795367,3.3590733590733595,48.3,1.1014362934362936,3.812741312741313,0.41,3.24,1.5,0.12,0.26,19.2,1.5444015444015444,2.1813590733590735
ATT_CF,0,14,Alassane Pléa,Gladbach,GER-Bundesliga,1920,FW,26.0,2143,83.9,,,,,,,,,,,,,,,,2.5630252100840334,7.815126050420168,1.638655462184874,3.7,0.55,0.42016806722689076,,,5.042016806722689,3.277310924369748,57.7,1.327731092436975,3.707983193277311,0.51,3.19,1.43,0.13,0.29,16.7,1.218487394957983,2.118403361344538
ATT_CF,0,15,Bryan Mbeumo,Brentford,ENG-Premier League,2324,FW,23.0,1960,83.7,,,,,,,,,,,,,,,,3.3944954128440368,8.944954128440367,1.4678899082568806,3.77,0.46,0.4128440366972477,,,5.091743119266055,3.5779816513761467,33.3,1.2375779816513761,4.4610091743119265,0.45,2.3,0.73,0.12,0.38,17.1,1.7431192660550459,1.796348623853211
ATT_CF,0,16,Roberto Firmino,Liverpool,ENG-Premier League,1718,FW,25.0,2763,83.7,,,,,,,,,,,,,,,,2.964169381107492,9.93485342019544,1.8566775244299674,4.33,0.42,0.32573289902280134,,,5.960912052117264,2.3778501628664497,67.1,1.4093355048859935,4.88599348534202,0.35,2.7,1.17,0.17,0.39,17.1,1.3029315960912053,2.1341824104234526
ATT_CF,0,17,Gabriel Martinelli,Arsenal,ENG-Premier League,2223,FW,21.0,2789,83.5,,,,,,,,,,,,,,,,4.0,11.290322580645162,1.903225806451613,4.1,0.55,0.3225806451612903,,,7.193548387096774,4.290322580645161,45.1,1.4006451612903226,4.846774193548388,0.29,2.55,0.97,0.19,0.5,15.4,2.2580645161290325,2.296709677419355
ATT_CF,0,18,Luis Díaz,Liverpool,ENG-Premier League,2425,FW,27.0,2399,83.4,,,,,,,,,,,,,,,,4.044943820224719,10.97378277153558,2.0973782771535583,4.39,0.6,0.4868913857677903,,,6.254681647940075,4.344569288389513,45.7,1.4934756554307114,5.234082397003746,0.45,2.66,1.13,0.18,0.43,13.4,2.0973782771535583,2.196936329588015
ATT_CF,0,19,Iago Aspas,Celta Vigo,ESP-La Liga,2122,FW,33.0,3087,83.0,,,,,,,,,,,,,,,,3.2653061224489797,8.629737609329446,1.6618075801749272,3.5,0.44,0.2623906705539359,,,5.6559766763848405,2.419825072886298,61.4,1.1843615160349856,4.198250728862973,0.41,2.48,1.05,0.18,0.42,16.5,1.5743440233236152,2.023195335276968
ATT_CF,0,20,Diego Farias,Empoli,ITA-Serie A,1819,FW,28.0,1193,82.9,,,,,,,,,,,,,,,,3.7593984962406015,8.045112781954886,1.5789473684210527,3.09,0.6,0.45112781954887216,,,5.864661654135338,2.1052631578947367,46.4,1.1617894736842103,3.9097744360902253,0.37,2.72,1.21,0.11,0.25,15.4,2.255639097744361,2.0929323308270673
ATT_CF,1,1,Andrea Cambiaso,Juventus,ITA-Serie A,2324,"DF,FW",23.0,2372,85.6,,,,,,,,,,,,,,,,3.2954545454545454,6.515151515151516,1.4393939393939394,2.96,0.19,0.1893939393939394,,,2.272727272727273,2.3106060606060606,42.6,0.9698787878787879,3.503787878787879,0.08,1.1,0.3,0.07,0.25,18.6,0.8712121212121212,0.7665454545454546
ATT_CF,1,2,Aitor Ruibal,Betis,ESP-La Liga,2425,"DF,FW",28.0,1313,81.3,,,,,,,,,,,,,,,,1.4383561643835616,4.383561643835616,1.36986301369863,2.46,0.27,0.273972602739726,,,2.26027397260274,1.8493150684931507,51.9,0.8959726027397259,2.928082191780822,0.06,1.1,0.27,0.06,0.25,19.0,0.4794520547945206,0.752054794520548
ATT_CF,1,3,Stephan El Shaarawy,Roma,ITA-Serie A,2324,"FW,DF",30.0,1738,79.5,,,,,,,,,,,,,,,,2.383419689119171,6.787564766839378,1.0362694300518134,2.74,0.36,0.25906735751295334,,,3.1088082901554404,2.797927461139896,40.7,0.8932538860103628,3.160621761658031,0.13,2.07,0.52,0.08,0.3,19.1,1.1398963730569949,1.197761658031088
ATT_CF,1,4,Ryan Sessegnon,Fulham,ENG-Premier League,1819,"FW,DF",18.0,2300,79.5,,,,,,,,,,,,,,,,2.2265625,7.5390625,1.2890625,2.86,0.31,0.234375,,,3.1640625,2.65625,47.1,0.9678125,3.30078125,0.16,1.1,0.43,0.07,0.18,14.9,0.703125,0.9868124999999999
ATT_CF,1,5,Ridle Baku,Wolfsburg,GER-Bundesliga,2122,"DF,FW",23.0,2446,78.8,,,,,,,,,,,,,,,,2.7205882352941178,6.286764705882353,1.4338235294117647,3.02,0.33,0.18382352941176472,,,2.2058823529411766,2.610294117647059,50.7,1.030764705882353,3.823529411764706,0.07,1.32,0.29,0.08,0.38,21.2,0.5882352941176471,0.7991764705882354
ATT_CF,1,6,Jacob Murphy,Newcastle Utd,ENG-Premier League,2122,"FW,DF",26.0,1473,78.7,,,,,,,,,,,,,,,,3.1097560975609757,4.878048780487806,1.2195121951219514,2.81,0.37,0.1829268292682927,,,3.4756097560975614,1.7682926829268295,44.8,0.9359024390243903,3.1707317073170733,0.13,1.65,0.31,0.04,0.2,19.3,1.2804878048780488,1.1251219512195123
ATT_CF,1,7,Jason,Levante,ESP-La Liga,1819,"DF,FW",24.0,2330,78.6,,,,,,,,,,,,,,,,2.7413127413127416,4.787644787644788,1.1583011583011584,2.59,0.27,0.23166023166023167,,,1.3127413127413128,3.011583011583012,37.2,0.8796602316602318,3.0984555984555984,0.12,1.24,0.35,0.06,0.22,20.6,0.23166023166023167,0.6205482625482626
ATT_CF,1,8,Raoul Bellanova,Cagliari,ITA-Serie A,2122,"DF,FW",21.0,2496,77.4,,,,,,,,,,,,,,,,2.924187725631769,5.270758122743683,1.1552346570397112,2.38,0.29,0.2888086642599278,,,1.9133574007220218,2.6353790613718413,53.4,0.8050469314079421,2.824909747292419,0.06,0.83,0.18,0.04,0.2,15.3,0.36101083032490977,0.6046714801444043
ATT_CF,1,9,Mirco Antenucci,SPAL,ITA-Serie A,1819,FW,33.0,2133,77.2,,,,,,,,,,,,,,,,1.729957805907173,7.257383966244726,0.9704641350210971,2.7,0.21,0.12658227848101267,,,3.080168776371308,1.7721518987341773,47.6,0.7900928270042195,3.1012658227848102,0.28,2.03,0.68,0.08,0.25,18.7,0.5907172995780591,1.2560337552742618
ATT_CF,1,10,Jordan Ayew,Crystal Palace,ENG-Premier League,2122,FW,29.0,2019,77.1,,,,,,,,,,,,,,,,4.375,6.741071428571429,1.0267857142857144,2.72,0.27,0.22321428571428573,,,2.991071428571429,3.169642857142857,47.9,0.8533571428571429,3.694196428571429,0.14,1.56,0.36,0.09,0.38,16.8,1.0714285714285714,1.0362142857142858
ATT_CF,1,11,Patrick Dorgu,Lecce,ITA-Serie A,2425,"DF,FW",19.0,1840,76.6,,,,,,,,,,,,,,,,3.3333333333333335,5.735294117647059,0.9313725490196079,2.84,0.34,0.2450980392156863,,,2.450980392156863,2.1568627450980395,29.5,0.8462745098039216,3.443627450980392,0.16,1.76,0.49,0.08,0.3,19.0,0.9803921568627452,1.0021960784313726
ATT_CF,1,12,Pedro,Lazio,ITA-Serie A,2223,FW,35.0,1898,76.5,,,,,,,,,,,,,,,,3.0331753554502368,6.824644549763033,1.0900473933649288,2.52,0.33,0.23696682464454974,,,3.744075829383886,3.2227488151658767,47.1,0.8420094786729857,3.507109004739336,0.16,1.99,0.76,0.1,0.25,19.3,0.947867298578199,1.3688151658767773
ATT_CF,1,13,Federico Di Francesco,Bologna,ITA-Serie A,1718,"FW,DF",23.0,1591,76.2,,,,,,,,,,,,,,,,2.146892655367232,7.68361581920904,0.903954802259887,2.32,0.23,0.16949152542372883,,,2.3163841807909606,1.7514124293785311,64.5,0.7187909604519773,3.0508474576271185,0.1,2.04,0.28,0.03,0.2,19.3,0.3954802259887006,0.9592768361581921
ATT_CF,1,14,Branimir Hrgota,Greuther Fürth,GER-Bundesliga,2122,FW,28.0,2777,75.9,,,,,,,,,,,,,,,,1.650485436893204,6.472491909385114,1.132686084142395,2.59,0.36,0.25889967637540456,,,3.0097087378640777,2.6537216828478964,40.2,0.8745372168284791,3.1553398058252426,0.29,1.94,0.65,0.07,0.2,20.3,0.4854368932038835,1.2359417475728154
ATT_CF,1,15,Steven Zuber,Hoffenheim,GER-Bundesliga,1718,"FW,DF",25.0,1431,75.3,,,,,,,,,,,,,,,,2.389937106918239,4.716981132075472,0.8176100628930817,1.95,0.25,0.18867924528301885,,,1.6981132075471699,1.6352201257861634,38.5,0.6455220125786163,3.7421383647798745,0.06,0.94,0.38,0.07,0.17,21.0,0.25157232704402516,0.6276226415094339
ATT_CF,1,16,Timothy Chandler,Eint Frankfurt,GER-Bundesliga,1718,"DF,FW",27.0,1892,74.9,,,,,,,,,,,,,,,,2.238095238095238,5.809523809523809,1.1904761904761905,2.24,0.29,0.19047619047619047,,,2.0,0.7619047619047619,31.3,0.8060952380952381,3.5476190476190474,0.08,1.14,0.33,0.08,0.29,16.2,0.38095238095238093,0.73
ATT_CF,1,17,Bukayo Saka,Arsenal,ENG-Premier League,1920,"DF,FW",17.0,1753,74.6,,,,,,,,,,,,,,,,3.4358974358974357,7.333333333333333,1.0769230769230769,2.46,0.36,0.3076923076923077,,,3.0256410256410255,2.8205128205128207,58.2,0.8653846153846153,4.0256410256410255,0.05,0.67,0.21,0.08,0.25,17.9,1.2307692307692308,0.8011282051282052
ATT_CF,1,18,Óscar de Marcos,Athletic Club,ESP-La Liga,1718,"DF,FW",28.0,1658,74.5,,,,,,,,,,,,,,,,2.2826086956521743,8.097826086956522,1.1413043478260871,2.23,0.27,0.2173913043478261,,,2.1195652173913047,1.032608695652174,57.9,0.7762608695652174,4.592391304347826,0.12,0.71,0.33,0.08,0.17,16.8,0.3804347826086957,0.665913043478261
ATT_CF,1,19,Caiuby,Augsburg,GER-Bundesliga,1718,FW,29.0,2855,74.4,,,,,,,,,,,,,,,,2.082018927444795,4.44794952681388,1.0094637223974763,2.68,0.38,0.25236593059936907,,,2.7129337539432177,2.7129337539432177,45.3,0.8838927444794953,2.8312302839116716,0.16,2.4,0.76,0.07,0.21,18.5,0.37854889589905366,1.2385867507886434
ATT_CF,1,20,Sergi Canós,Brentford,ENG-Premier League,2122,"DF,FW",24.0,2083,74.1,,,,,,,,,,,,,,,,2.251082251082251,4.329004329004329,0.7359307359307359,1.6,0.22,0.12987012987012986,,,2.1645021645021645,2.1645021645021645,46.0,0.5431861471861472,2.792207792207792,0.13,1.43,0.52,0.09,0.25,16.3,0.5194805194805194,0.8749004329004328
ATT_CF,2,1,Daniel Ginczek,Stuttgart,GER-Bundesliga,1718,FW,26.0,1523,93.9,,,,,,,,,,,,,,,,1.0650887573964498,5.976331360946746,0.8875739644970415,2.3,0.24,0.1775147928994083,,,4.615384615384616,1.775147928994083,43.3,0.7015147928994082,2.4852071005917162,0.46,2.48,0.89,0.14,0.4,14.5,0.4733727810650888,1.771076923076923
ATT_CF,2,2,Dušan Vlahović,Juventus,ITA-Serie A,2223,FW,22.0,1925,86.6,,,,,,,,,,,,,,,,1.0280373831775702,5.4672897196261685,0.9813084112149534,2.1,0.33,0.14018691588785048,,,4.766355140186916,1.5420560747663552,42.4,0.7222616822429908,2.3598130841121496,0.45,3.04,0.94,0.12,0.4,15.5,0.5607476635514019,1.933271028037383
ATT_CF,2,3,Danny Ings,Southampton,ENG-Premier League,2021,FW,28.0,2173,86.0,,,,,,,,,,,,,,,,1.5352697095435683,5.560165975103734,0.9128630705394191,2.44,0.33,0.16597510373443983,,,4.813278008298755,2.4481327800829873,50.8,0.7885726141078838,2.614107883817427,0.35,2.28,0.99,0.18,0.42,15.9,0.5394190871369294,1.786655601659751
ATT_CF,2,4,Borja Iglesias,Espanyol,ESP-La Liga,1819,FW,25.0,3075,85.9,,,,,,,,,,,,,,,,1.5204678362573099,7.339181286549707,1.2280701754385963,2.4,0.32,0.17543859649122806,,,4.502923976608186,1.4912280701754386,45.1,0.8316140350877192,2.616959064327485,0.47,2.55,1.02,0.16,0.4,15.2,0.7309941520467835,1.8085847953216372
ATT_CF,2,5,Terem Moffi,Nice,FRA-Ligue 1,2324,FW,24.0,1949,85.5,,,,,,,,,,,,,,,,1.1059907834101383,5.668202764976959,1.0138248847926268,2.03,0.23,0.18433179723502305,,,4.23963133640553,1.5207373271889402,57.6,0.7027649769585254,2.165898617511521,0.49,2.12,0.92,0.17,0.4,15.4,0.5529953917050692,1.655926267281106
ATT_CF,2,6,Fábio Silva,Las Palmas,ESP-La Liga,2425,FW,22.0,1866,85.2,,,,,,,,,,,,,,,,1.4492753623188406,5.748792270531401,0.7729468599033816,2.08,0.24,0.14492753623188406,,,4.879227053140097,2.560386473429952,39.6,0.6665893719806764,2.2705314009661834,0.42,2.22,0.96,0.17,0.4,14.8,1.0144927536231885,1.7918454106280195
ATT_CF,2,7,Jonathan David,Lille,FRA-Ligue 1,2122,FW,21.0,2804,84.5,,,,,,,,,,,,,,,,1.3782051282051282,5.833333333333333,1.0897435897435899,2.48,0.13,0.12820512820512822,,,4.519230769230769,1.7307692307692308,48.1,0.761948717948718,2.6842948717948714,0.47,2.15,0.96,0.19,0.43,13.8,0.8012820512820513,1.7158461538461538
ATT_CF,2,8,Ludovic Ajorque,Strasbourg,FRA-Ligue 1,2021,FW,26.0,2967,84.2,,,,,,,,,,,,,,,,1.0,6.787878787878788,1.0909090909090908,2.34,0.24,0.12121212121212122,,,4.818181818181818,0.696969696969697,43.5,0.7821818181818182,2.734848484848485,0.48,2.0,0.91,0.18,0.4,15.0,0.45454545454545453,1.7396363636363639
ATT_CF,2,9,João Pedro,Cagliari,ITA-Serie A,2122,FW,29.0,3323,83.8,,,,,,,,,,,,,,,,1.029810298102981,5.365853658536586,0.7588075880758808,2.44,0.19,0.13550135501355015,,,4.0108401084010845,1.9512195121951221,47.2,0.7157615176151761,2.2628726287262877,0.33,2.36,0.92,0.11,0.29,15.4,0.5420054200542006,1.594168021680217
ATT_CF,2,10,Jonathan David,Lille,FRA-Ligue 1,2425,FW,24.0,2554,83.8,,,,,,,,,,,,,,,,1.4084507042253522,6.47887323943662,1.267605633802817,2.61,0.28,0.17605633802816903,,,5.105633802816902,1.4788732394366197,47.6,0.8995211267605635,2.7992957746478875,0.57,2.33,0.99,0.15,0.36,15.3,0.7042253521126761,1.9111267605633806
ATT_CF,2,11,Mostafa Mohamed,Nantes,FRA-Ligue 1,2223,FW,24.0,1939,83.8,,,,,,,,,,,,,,,,0.6046511627906976,5.069767441860465,0.6976744186046512,1.72,0.28,0.18604651162790697,,,4.976744186046512,1.813953488372093,53.8,0.5735348837209303,1.872093023255814,0.34,2.69,1.11,0.14,0.33,14.2,0.5116279069767442,1.8973488372093024
ATT_CF,2,12,Dwight Gayle,Newcastle Utd,ENG-Premier League,1718,FW,26.0,1958,83.7,,,,,,,,,,,,,,,,1.055045871559633,5.275229357798165,0.963302752293578,2.16,0.28,0.2293577981651376,,,3.944954128440367,0.8256880733944953,50.0,0.7266605504587156,2.0527522935779814,0.38,2.62,0.97,0.11,0.29,14.3,0.4128440366972477,1.6389908256880734
ATT_CF,2,13,Artem Dovbyk,Roma,ITA-Serie A,2425,FW,27.0,2418,83.1,,,,,,,,,,,,,,,,0.892193308550186,6.505576208178439,0.929368029739777,1.94,0.22,0.11152416356877325,,,5.390334572490707,0.6691449814126395,38.9,0.6498736059479554,2.156133828996283,0.44,2.27,0.93,0.16,0.4,13.7,0.5204460966542751,1.8960669144981412
ATT_CF,2,14,Antonio Sanabria,Torino,ITA-Serie A,2223,FW,26.0,2433,82.9,,,,,,,,,,,,,,,,0.6296296296296297,5.148148148148148,0.9259259259259259,1.85,0.19,0.18518518518518517,,,4.333333333333333,1.5185185185185186,56.1,0.6451851851851852,2.185185185185185,0.34,2.48,0.89,0.16,0.46,13.5,0.4074074074074074,1.6966666666666665
ATT_CF,2,15,Joselu,Espanyol,ESP-La Liga,2223,FW,32.0,2990,82.8,,,,,,,,,,,,,,,,0.6927710843373494,4.427710843373494,0.6626506024096385,1.99,0.24,0.12048192771084336,,,4.578313253012047,1.2650602409638554,42.9,0.6045301204819277,2.085843373493976,0.44,2.62,0.99,0.13,0.33,16.1,0.48192771084337344,1.8216626506024096
ATT_CF,2,16,Mohamed Lamine Bayo,Clermont Foot,FRA-Ligue 1,2122,FW,23.0,2413,82.6,,,,,,,,,,,,,,,,1.044776119402985,5.485074626865671,1.1567164179104477,2.35,0.3,0.18656716417910446,,,4.067164179104478,2.0522388059701493,52.7,0.8293432835820896,2.4347014925373136,0.54,2.35,0.97,0.19,0.46,13.1,0.5223880597014925,1.6894328358208957
ATT_CF,2,17,Borja Iglesias,Betis,ESP-La Liga,2122,FW,28.0,1573,82.4,,,,,,,,,,,,,,,,1.0285714285714285,5.828571428571428,0.8571428571428571,1.89,0.23,0.05714285714285714,,,4.8,1.8285714285714285,40.6,0.6254285714285713,2.257142857142857,0.44,2.0,0.92,0.2,0.44,16.2,0.6285714285714286,1.746
ATT_CF,2,18,Andre Gray,Watford,ENG-Premier League,1819,FW,27.0,1366,82.0,,,,,,,,,,,,,,,,1.381578947368421,6.315789473684211,0.9210526315789475,2.24,0.33,0.19736842105263158,,,5.460526315789474,1.5131578947368423,34.8,0.7502105263157895,2.3684210526315788,0.33,2.31,1.05,0.2,0.44,14.8,0.8552631578947368,1.922105263157895
ATT_CF,2,19,Arkadiusz Milik,Juventus,ITA-Serie A,2223,FW,28.0,1586,81.3,,,,,,,,,,,,,,,,0.5681818181818181,4.829545454545454,0.9659090909090908,2.05,0.17,0.11363636363636363,,,4.261363636363636,1.25,50.0,0.6731818181818181,2.0738636363636362,0.37,2.44,1.25,0.16,0.32,14.2,0.11363636363636363,1.7442727272727272
ATT_CF,2,20,Ángel Rodríguez,Getafe,ESP-La Liga,1819,FW,31.0,1819,81.2,,,,,,,,,,,,,,,,2.0792079207920793,6.930693069306931,0.9900990099009901,2.28,0.35,0.19801980198019803,,,4.6039603960396045,1.2871287128712872,42.3,0.792019801980198,3.01980198019802,0.4,3.32,1.04,0.12,0.38,14.8,0.9900990099009901,1.9527920792079208
