position_taxonomy,player,team,season,pos_,position_confidence,representative_score
CB,Boubakar Kouyaté,Metz,2021,DF,84.02,65.113
CB,Salif Sané,Schalke 04,2021,DF,83.71,64.77859668559417
CB,Sol Bamba,Cardiff City,1819,DF,83.31,64.6515
CB,Ewerton,Nürnberg,1819,DF,84.59,64.63373973576657
CB,Grant Hanley,Norwich City,1920,DF,84.49,64.16959873860056
CB,Alexander Hack,Mainz 05,1718,DF,82.49,64.1185
CB,Felipe,Nott'ham Forest,2223,DF,82.39,64.0535
CB,Dario Dainelli,Chievo,1718,DF,82.7,63.56312275028116
CB,Emiliano Velázquez,Rayo Vallecano,1819,DF,81.63,63.5595
CB,Boubakar Kouyaté,Metz,2122,DF,81.61,63.5465
CB,Toni Leistner,Köln,1920,DF,80.4,62.760000000000005
CB,Guilherme Ramos,Arminia,2122,DF,79.98,62.487
CB,Leon Balogun,Mainz 05,1718,DF,79.81,62.3765
CB,Giangiacomo Magnani,Hellas Verona,2021,DF,82.11,62.28778360516246
CB,Alexander Hack,Mainz 05,2021,DF,79.63,62.259499999999996
FB,Marcelo,Real Madrid,1718,DF,82.14,63.891000000000005
FB,Achraf Hakimi,Paris S-G,2425,DF,80.16,62.604
FB,Álvaro Odriozola,Real Madrid,1819,DF,78.66,60.62896174725274
FB,Jesús Navas,Sevilla,1920,DF,79.57,60.266336948688064
FB,Achraf Hakimi,Paris S-G,2324,DF,76.38,59.042781441797956
FB,Raphaël Guerreiro,Dortmund,2021,DF,76.75,58.68127552481067
FB,João Cancelo,Manchester City,2223,DF,72.49,57.56479790098636
FB,Trent Alexander-Arnold,Liverpool,2021,DF,74.47,57.3059498795227
FB,João Cancelo,Manchester City,2122,DF,72.19,56.95102854756702
FB,Alphonso Davies,Bayern Munich,2122,DF,72.83,56.89534574990128
FB,Mário Rui,Napoli,1819,DF,72.62,56.715906203692036
FB,Jordi Alba,Barcelona,2223,DF,73.14,56.586002631509245
FB,Álvaro Odriozola,Real Sociedad,1718,DF,76.79,56.521384836902975
FB,Alphonso Davies,Bayern Munich,2425,DF,72.41,56.02000489589016
FB,Alphonso Davies,Bayern Munich,2223,DF,70.12,55.47198339729762
DM,Bruno Zuculini,Hellas Verona,1718,MF,54.19,42.26316277675445
DM,Jonathan Hogg,Huddersfield,1718,MF,50.19,40.48237523772549
DM,Rubén Pérez,Leganés,1718,MF,47.6,39.5565111241723
DM,Otávio,Bordeaux,1718,MF,47.97,38.70376154536575
DM,Wilfred Ndidi,Leicester City,1920,MF,49.61,38.62617016260946
DM,Wilfred Ndidi,Leicester City,1718,MF,48.68,37.93940834620537
DM,Nuri Şahin,Werder Bremen,1819,MF,45.6,37.905209284118094
DM,Adrien Silva,Monaco,1819,MF,43.23,37.62321329805182
DM,Ander Herrera,Manchester Utd,1718,MF,43.88,37.57558035418697
DM,Oriol Romeu,Southampton,1819,MF,46.93,37.50560103761007
DM,Wilfred Ndidi,Leicester City,2223,MF,50.77,37.34439986010395
DM,Romain Saïss,Wolves,1819,"MF,DF",48.78,37.304550895172305
DM,Mikel Merino,Newcastle Utd,1718,MF,41.12,37.227999999999994
DM,Idrissa Gana Gueye,Everton,1718,MF,47.24,37.0680979637434
DM,Wakaso,Alavés,1718,MF,45.79,36.99866306238729
CM,Dani Ceballos,Real Madrid,2223,MF,31.88,31.150314273548297
CM,Bruno Guimarães,Lyon,2122,MF,31.77,29.72413531331521
CM,Beñat Etxebarria,Athletic Club,1718,MF,31.07,28.899744319557534
CM,Marco Verratti,Paris S-G,1920,MF,29.54,28.25780907535781
CM,Éver Banega,Sevilla,1718,MF,31.2,28.09762835927414
CM,Borja Valero,Inter,1819,MF,32.07,28.053302535326957
CM,Dani Ceballos,Arsenal,1920,MF,31.35,27.907512989904802
CM,Marco Verratti,Paris S-G,1819,MF,29.88,27.34442453572197
CM,Naby Keïta,RB Leipzig,1718,MF,30.17,27.299375929609187
CM,Rafinha,Paris S-G,2021,"MF,FW",28.5,27.218369659287706
CM,Joshua Kimmich,Bayern Munich,2324,"MF,DF",31.25,27.11060676807699
CM,Dani Ceballos,Real Madrid,2425,MF,28.67,26.84760560990847
CM,Maxime Lopez,Marseille,1718,"MF,FW",28.72,26.80055537287317
CM,Mateo Kovačić,Chelsea,1920,MF,31.09,26.786105964902458
CM,Luka Modrić,Real Madrid,1718,MF,26.9,26.66469411255808
AM,Florian Wirtz,Leverkusen,2324,MF,64.77,51.86355529619709
AM,Kevin De Bruyne,Manchester City,2324,MF,64.44,51.058545618025235
AM,David Silva,Manchester City,1920,MF,61.82,49.11841315752365
AM,Jonas Hofmann,Leverkusen,2324,MF,65.57,49.067011715242415
AM,James Maddison,Tottenham,2324,MF,61.89,48.1671667370718
AM,Isco,Real Madrid,1718,MF,58.54,47.510436898180515
AM,Kevin De Bruyne,Manchester City,1920,MF,59.37,47.05170779988923
AM,Thomas Müller,Bayern Munich,2122,MF,63.82,46.69529778552013
AM,David Silva,Manchester City,1819,MF,58.64,46.432168671337166
AM,Kevin De Bruyne,Manchester City,2021,MF,57.78,46.248668371097466
AM,James Rodríguez,Bayern Munich,1819,MF,59.27,45.92176619728511
AM,Mason Mount,Chelsea,2122,MF,60.84,45.55442727797609
AM,Jamal Musiala,Bayern Munich,2425,MF,62.16,45.49858509934918
AM,Martin Ødegaard,Arsenal,2324,MF,57.78,44.474115729204044
AM,Nabil Fekir,Lyon,1819,MF,59.88,44.409778419325875
W,Ousmane Dembélé,Barcelona,2122,FW,60.12,46.85139650742501
W,Antonio Candreva,Inter,1718,FW,62.16,46.685459821668246
W,Justin Kluivert,Roma,1819,FW,61.51,44.609122259530096
W,Willian,Chelsea,1819,FW,57.59,44.16628432566573
W,Romain Del Castillo,Brest,2324,FW,58.14,42.0718222310658
W,Jack Grealish,Manchester City,2223,FW,53.56,41.35690408981419
W,Lamine Yamal,Barcelona,2324,FW,53.03,40.93143396869222
W,Kingsley Coman,Bayern Munich,2122,"FW,DF",53.68,40.44906441380844
W,Ousmane Dembélé,Barcelona,2223,FW,48.47,40.23599044431636
W,Leon Bailey,Leverkusen,1718,"FW,DF",54.71,40.007810467425266
W,Matteo Politano,Inter,1819,FW,53.1,39.87067880041429
W,Jadon Sancho,Chelsea,2425,FW,53.53,39.82250104098876
W,Eden Hazard,Chelsea,1819,FW,46.65,39.174588115212096
W,Karim Bellarabi,Leverkusen,1920,"FW,DF",52.39,39.14162881278534
W,Willian,Arsenal,2021,FW,55.92,38.94747483791734
CF,Patrik Schick,Leverkusen,2425,FW,84.67,60.62479905810822
CF,Alexander Sørloth,Atlético Madrid,2425,FW,83.77,60.28644001114265
CF,Rodrigo Muniz,Fulham,2425,FW,85.06,59.57792422396893
CF,Patrik Schick,Leverkusen,2122,FW,81.82,59.29289170698007
CF,Lucas Alario,Leverkusen,1920,FW,83.47,59.2212711943459
CF,Robert Lewandowski,Barcelona,2425,FW,83.28,59.15978541113226
CF,Rodrigo Muniz,Fulham,2324,FW,83.3,58.80888948626197
CF,Erling Haaland,Manchester City,2223,FW,81.11,58.63999076153225
CF,Erling Haaland,Manchester City,2324,FW,81.75,58.522704405259525
CF,Pierre-Emerick Aubameyang,Barcelona,2122,FW,81.77,58.29778858058163
CF,Olivier Giroud,Chelsea,1920,FW,82.79,58.22801862775809
CF,Serhou Guirassy,Rennes,2122,FW,81.99,58.188332064522086
CF,Paco Alcácer,Dortmund,1819,FW,80.1,57.95945128776836
CF,Álvaro Morata,Atlético Madrid,2324,FW,82.03,57.94636638247255
CF,Erling Haaland,Manchester City,2425,FW,81.83,57.8916210957832
