primary_role,observations,players,avg_role_fit,high_quality_pct,avg_finishing,avg_chance_creation,avg_ball_progression,avg_passing_security,avg_passing_volume,avg_crossing_width,avg_availability
Creative Playmaker,1099,487,78.14618985354944,100.0,61.67711896116909,84.2768190380018,84.56611409455911,65.5956364280874,82.51111280505751,77.42626360144703,75.93233283475179
Creator Forward,424,213,76.88217331956304,100.0,58.28629096412957,84.9288921729506,87.43133682160895,69.00616159849035,86.28747150988603,74.71988386433632,78.17905670420934
Ball-Playing Centre-Back,983,429,73.87056042283967,100.0,54.54623496419999,61.801817559424286,73.94391561351699,74.75158143983347,78.28230699645788,52.60156042588991,68.50443764155037
Attacking Progressor,2050,1174,67.54872896049515,100.0,56.62091662096206,66.14498425763334,69.03642081269706,51.80753890413589,67.46478181115505,63.27215127716922,73.24726903994463
Ball Winner,2528,1065,66.45659032290216,100.0,49.679083247803426,59.66773909383213,67.94442547582736,58.837788793476875,72.16332027618199,55.27019900516875,72.58755669940223
Box Finisher,1011,450,64.68325073040616,100.0,59.10071744716822,61.489057567439026,66.56500462213484,52.81675617146471,68.09231899160962,51.909331788809894,73.4599771766112
Mobile Forward,362,285,62.304166594150786,100.0,45.32721137834102,67.87756088637272,73.7077275177386,59.04932293138304,74.39905933655596,66.99548666978971,72.51998376067053
Aerial Defender,1738,767,59.90671972781346,100.0,54.82667326538007,44.75620633308559,52.8170189753627,58.93340300692006,64.74183936718141,41.661160717908174,67.96973720115763
Aggressive Defender,1694,797,59.42448074306442,100.0,48.124987950959266,74.31109538697119,70.49326863928391,42.249819473046685,62.05568999759905,69.04634801709913,65.53035411686268
