position_group,role_subgroup,primary_role,rank,player,team,league,season,primary_role_similarity,role_confidence,minutes,representative_filter
ATT,ATT_CF,Linking Forward,1,Karim Adeyemi,RB Salzburg,Austrian Bundesliga,2021-2022,71.5,45.5,1941,minutes>=1200
ATT,ATT_CF,Linking Forward,2,Myron Boadu,AZ Alkmaar,Eredivisie,2019-2020,70.8,32.3,2009,minutes>=1200
ATT,ATT_CF,Linking Forward,3,Kelvin Yeboah,Sturm Graz,Austrian Bundesliga,2021-2022,69.1,27.6,1530,minutes>=1200
ATT,ATT_CF,Linking Forward,4,Nicolas Jackson,Villarreal,LaLiga,2022-2023,68.4,26.4,1598,minutes>=1200
ATT,ATT_CF,Linking Forward,5,Joshua Zirkzee,Anderlecht,Belgian Pro League,2021-2022,67.5,33.9,2077,minutes>=1200
ATT,ATT_CF,Linking Forward,6,Joshua Zirkzee,Anderlecht,Belgian Pro League,2022-2023,67.5,33.8,2077,minutes>=1200
ATT,ATT_CF,Linking Forward,7,Gabriel Jesus,Manchester City,Premier League,2019-2020,65.9,32.6,2030,minutes>=1200
ATT,ATT_CF,Linking Forward,8,Donyell Malen,PSV,Eredivisie,2020-2021,63.8,33.0,2444,minutes>=1200
ATT,ATT_CF,Linking Forward,9,Hugo Ekitike,Reims,Ligue 1,2021-2022,61.4,17.8,1273,minutes>=1200
ATT,ATT_CF,Linking Forward,10,Junior Adamu,RB Salzburg,Austrian Bundesliga,2022-2023,61.0,16.4,1283,minutes>=1200
ATT,ATT_CF,Mobile Striker,1,Ivan Azón,Zaragoza,Spanish Segunda División,2024-2025,80.1,29.5,1457,minutes>=1200
ATT,ATT_CF,Mobile Striker,2,Marko Raguž,LASK,Austrian Bundesliga,2019-2020,72.8,19.6,1505,minutes>=1200
ATT,ATT_CF,Mobile Striker,3,Halil Dervişoğlu,Sparta Rotterdam,Eredivisie,2019-2020,72.7,31.5,1225,minutes>=1200
ATT,ATT_CF,Mobile Striker,4,Junior Adamu,RB Salzburg,Austrian Bundesliga,2021-2022,71.1,17.4,1632,minutes>=1200
ATT,ATT_CF,Mobile Striker,5,Lorenzo Colombo,Lecce,Serie A,2022-2023,66.7,3.1,1515,minutes>=1200
ATT,ATT_CF,Mobile Striker,6,Armando Broja,Vitesse,Eredivisie,2020-2021,66.3,12.1,1866,minutes>=1200
ATT,ATT_CF,Mobile Striker,7,Julen Lobete,RKC Waalwijk,Eredivisie,2022-2023,66.2,15.1,1328,minutes>=1200
ATT,ATT_CF,Mobile Striker,8,Tim Prica,WSG Tirol,Austrian Bundesliga,2022-2023,66.0,15.2,1447,minutes>=1200
ATT,ATT_CF,Mobile Striker,9,Gustavo Varela,Gil Vicente FC,Liga Portugal,2025-2026,65.8,11.4,1524,minutes>=1200
ATT,ATT_CF,Mobile Striker,10,Arnaud Kalimuendo,Rennes,Ligue 1,2022-2023,65.4,17.0,1849,minutes>=1200
ATT,ATT_CF,Penalty Box Finisher,1,Francisco Trincão,Sporting CP,Liga Portugal,2022-2023,84.9,45.7,2206,minutes>=1200
ATT,ATT_CF,Penalty Box Finisher,2,Vangelis Pavlidis,Willem II,Eredivisie,2019-2020,83.4,43.5,2167,minutes>=1200
ATT,ATT_CF,Penalty Box Finisher,3,Dušan Vlahović,Juventus,Serie A,2022-2023,83.2,38.5,1925,minutes>=1200
ATT,ATT_CF,Penalty Box Finisher,4,Jonathan David,Lille,Ligue 1,2020-2021,82.8,45.1,2354,minutes>=1200
ATT,ATT_CF,Penalty Box Finisher,5,Lautaro Martínez,Inter,Serie A,2019-2020,78.3,40.3,2452,minutes>=1200
ATT,ATT_CF,Penalty Box Finisher,6,Lukas Nmecha,Anderlecht,Belgian Pro League,2020-2021,77.3,42.3,2608,minutes>=1200
ATT,ATT_CF,Penalty Box Finisher,7,Tolu Arokodare,Genk,Belgian Pro League,2023-2024,76.2,31.3,2130,minutes>=1200
ATT,ATT_CF,Penalty Box Finisher,8,Fábio Silva,Las Palmas,LaLiga,2024-2025,75.5,28.1,1866,minutes>=1200
ATT,ATT_CF,Penalty Box Finisher,9,Jon Karrikaburu,Real Sociedad B,Spanish Segunda División,2021-2022,75.0,36.7,2121,minutes>=1200
ATT,ATT_CF,Penalty Box Finisher,10,Makhtar Gueye,Oostende,Belgian Pro League,2020-2021,74.6,25.1,2192,minutes>=1200
ATT,ATT_CF,Target Forward,1,Ibrahima Niane,Metz,Ligue 1,2021-2022,82.0,42.1,1582,minutes>=1200
ATT,ATT_CF,Target Forward,2,Dominic Solanke,Bournemouth,Premier League,2019-2020,81.1,42.4,1651,minutes>=1200
ATT,ATT_CF,Target Forward,3,Roberto Férnandez,Málaga,Spanish Segunda División,2021-2022,80.8,40.9,1369,minutes>=1200
ATT,ATT_CF,Target Forward,4,Kion Etete,Cardiff City,Championship,2022-2023,79.9,29.9,1224,minutes>=1200
ATT,ATT_CF,Target Forward,5,Oumar Diakité,Reims,Ligue 1,2023-2024,79.2,30.5,1585,minutes>=1200
ATT,ATT_CF,Target Forward,6,Zeki Amdouni,Burnley,Premier League,2023-2024,73.8,30.7,1953,minutes>=1200
ATT,ATT_CF,Target Forward,7,Matija Frigan,Westerlo,Belgian Pro League,2023-2024,72.9,29.0,1418,minutes>=1200
ATT,ATT_CF,Target Forward,8,Divin Mubama,Stoke City,Championship,2025-2026,72.5,22.7,1629,minutes>=1200
ATT,ATT_CF,Target Forward,9,Aaron Connolly,Brighton,Premier League,2019-2020,71.7,22.6,1258,minutes>=1200
ATT,ATT_CF,Target Forward,10,Jon Karrikaburu,Andorra,Spanish Segunda División,2023-2024,71.6,33.5,1332,minutes>=1200
