player_id_tm,player_name,club,current_club_name_tm,league,season,position_group,age,minutes_played,market_value_eur,predicted_market_value_eur,market_value_gap_eur,market_value_gap_pct,log_market_value_eur,predicted_log_market_value,inefficiency_score,inefficiency_score_z,confidence_score,opportunity_score,matching_method,matching_confidence,age_diff,club_score
512352.0,Lasse Rosenboom,Holstein Kiel,Holstein Kiel,Bundesliga,2024-2025,MID,22.91854893908282,1734,500000.0,7955479.281367011,7455479.281367011,14.910958562734022,13.122363377404328,15.889371467011028,2.7670080896066995,2.827241439590835,1.0,2.827241439590835,exact_age_club_validated,1.0,0.9185489390828216,100.0
948273.0,Mario Martín,Valladolid,Getafe Club de Fútbol S. A. D. Team Dubai,LaLiga,2024-2025,MID,20.602327173169062,1748,500000.0,6723855.748657923,6223855.748657923,12.447711497315847,13.122363377404328,15.72117232007676,2.5988089426724326,2.6553808656725355,0.85,2.2570737358216553,exact_age_validated,0.85,0.602327173169062,20.833333333333336
610608.0,Dominik Javorček,Holstein Kiel,"SK Slavia Praha, a.s.",Bundesliga,2024-2025,DEF,22.132785763175907,386,550000.0,7252856.138595385,6702856.138595385,12.187011161082518,13.217673557208654,15.796905899403958,2.5792323421953043,2.635378113847145,0.85,2.240071396770073,exact_age_validated,0.85,1.1327857631759066,31.25
1390649.0,Yan Diomandé,Leganés,RasenBallsport Leipzig,LaLiga,2024-2025,MID,18.472279260780287,545,600000.0,7331828.864745784,6731828.864745784,11.219714774576307,13.304684934198283,15.807735546799961,2.503050612601678,2.5575380295858015,0.85,2.173907325147931,exact_age_validated,0.85,1.4722792607802866,41.379310344827594
927353.0,Johan Manzambi,Freiburg,Sport-Club Freiburg,Bundesliga,2024-2025,MID,18.986995208761122,335,750000.0,8640660.392582124,7890660.392582124,10.520880523442832,13.527828485512494,15.971989572185919,2.444161086673425,2.497366572665385,0.85,2.122761586765577,exact_age_validated,0.85,0.9869952087611225,59.25925925925925
1061336.0,Pau Navarro,Villarreal,Villarreal Club de Fútbol S.A.D.,LaLiga,2024-2025,DEF,19.64955509924709,916,500000.0,4859177.6974848155,4359177.6974848155,8.718355394969631,13.122363377404328,15.39637978351268,2.274016406108352,2.3235181139541945,0.85,1.9749903968610654,exact_age_validated,0.85,0.6495550992470918,48.78048780487805
807688.0,Yassin Belkhdim,Angers,Angers Sporting Club de l'Ouest,Ligue 1,2024-2025,MID,22.64476386036961,1523,500000.0,4692109.202698616,4192109.2026986163,8.384218405397233,13.122363377404328,15.361392762717104,2.239029385312776,2.2877694815549527,0.85,1.9446040593217098,exact_age_validated,0.85,0.6447638603696113,32.432432432432435
1190411.0,Jesus Rodríguez,Real Betis,Calcio Como,LaLiga,2024-2025,MID,18.89664613278576,1111,700000.0,6058826.340616751,5358826.340616751,7.655466200881073,13.458835614025542,15.617026666122875,2.158191052097333,2.205171426842855,0.85,1.8743957128164266,exact_age_validated,0.85,0.8966461327857616,19.047619047619047
877139.0,Alberto costa,Juventus,Futebol Clube do Porto,Serie A,2024-2025,DEF,21.026694045174537,357,500000.0,4045706.426766921,3545706.426766921,7.091412853533842,13.122363377404328,15.213166735196168,2.09080335779184,2.1363168099826453,0.85,1.8158692884852485,exact_age_validated,0.85,1.026694045174537,19.999999999999996
743496.0,Kévin Danois,Auxerre,Association de la Jeunesse auxerroise,Ligue 1,2024-2025,MID,20.27652292950034,1460,500000.0,3759539.408236227,3259539.408236227,6.519078816472454,13.122363377404328,15.139807010053094,2.0174436326487655,2.0613601607048424,0.85,1.752156136599116,exact_age_validated,0.85,0.2765229295003415,31.818181818181824
917375.0,Antoine Hainaut,Parma,Parma Calcio 1913,Serie A,2024-2025,DEF,22.663928815879533,1206,750000.0,5480473.323513991,4730473.323513991,6.307297764685321,13.527828485512494,15.516702028098287,1.988873542585793,2.0321681453788742,0.85,1.727342923572043,exact_age_validated,0.85,0.6639288158795331,58.82352941176471
1063329.0,Andrés García,Aston Villa,Aston Villa Football Club,Premier League,2024-2025,DEF,21.683778234086244,318,900000.0,5930263.151144347,5030263.151144347,5.589181279049274,13.710150042306449,15.59557914623625,1.885429103929802,1.926471886389982,0.85,1.6375011034314846,exact_age_validated,0.85,0.6837782340862439,61.111111111111114
1004301.0,Jérémy Jacquet,Rennes,Stade Rennais Football Club,Ligue 1,2024-2025,DEF,19.225188227241617,927,600000.0,3837268.0480194828,3237268.0480194828,5.395446746699138,13.304684934198283,15.160271225537969,1.8555862913396854,1.89597944339871,0.85,1.6115825268889035,exact_age_validated,0.85,0.2251882272416168,30.303030303030297
875581.0,Adrian Blake,Utrecht,Football Club Utrecht,Eredivisie,2024-2025,MID,19.42505133470226,468,500000.0,3037111.7504827282,2537111.7504827282,5.074223500965457,13.122363377404328,14.926417539690307,1.8040541622859791,1.8433255421404418,0.85,1.5668267108193754,exact_age_validated,0.85,0.4250513347022604,50.0
659520.0,Bilal Nadir,Marseille,Olympique de Marseille,Ligue 1,2024-2025,MID,21.034907597535934,383,500000.0,2799499.598287011,2299499.598287011,4.598999196574022,13.122363377404328,14.844951244276526,1.722587866872198,1.760085855495171,0.85,1.4960729771708954,exact_age_validated,0.85,1.034907597535934,58.06451612903225
1296876.0,Marc Domenech,Mallorca,Real Club Deportivo Mallorca S.A.D.,LaLiga,2024-2025,MID,18.072553045859,303,500000.0,2777561.806830042,2277561.806830042,4.555123613660084,13.122363377404328,14.837084052932418,1.7147206755280902,1.7520474079514874,0.85,1.4892402967587643,exact_age_validated,0.85,0.07255304585899935,38.095238095238095
806793.0,Clément Akpa,Auxerre,Association de la Jeunesse auxerroise,Ligue 1,2024-2025,DEF,22.869267624914443,2486,1000000.0,5534649.349688885,4534649.349688885,4.534649349688885,13.815510557964274,15.526538770661697,1.711028212697423,1.748274566098143,0.85,1.4860333811834214,exact_age_validated,0.85,0.8692676249144426,31.818181818181824
1064871.0,Joaquín Panichelli,CD Mirandés,Racing Club de Strasbourg Alsace,Spanish Segunda División,2024-2025,ATT,22.02053388090349,3457,600000.0,3294664.361135856,2694664.361135856,4.49110726855976,13.304684934198283,15.00781485764563,1.7031299234473476,1.7402043436967107,0.85,1.479173692142204,exact_age_validated,0.85,1.0205338809034892,32.55813953488372
1144999.0,Luck Zogbé,Brest,Stade brestois 29,Ligue 1,2024-2025,DEF,19.540041067761805,638,500000.0,2742525.650525716,2242525.650525716,4.485051301051432,13.122363377404328,14.824389824059786,1.7020264466554575,1.739076845976203,0.85,1.4782153190797724,exact_age_validated,0.85,0.5400410677618055,52.63157894736843
1083607.0,Dudu,Nacional,Aris Thessalonikis,Liga Portugal,2024-2025,MID,22.850102669404517,1338,500000.0,2727141.110750191,2227141.110750191,4.454282221500382,13.122363377404328,14.81876440627194,1.6964010288676121,1.7333289718212457,0.85,1.4733296260480588,exact_age_validated,0.85,1.1498973305954827,30.76923076923077
814446.0,Luca Marianucci,Empoli,Torino Calcio,Serie A,2024-2025,DEF,20.40520191649555,1069,800000.0,4214254.917792243,3414254.917792243,4.267818647240304,13.592367006650065,15.253983364585515,1.6616163579354506,1.6977870941189956,0.85,1.4431190300011463,exact_age_validated,0.85,0.4052019164955496,21.052631578947366
1071956.0,Emmanuel Biumla,Angers,Angers Sporting Club de l'Ouest,Ligue 1,2024-2025,DEF,19.416837782340863,1336,800000.0,4140022.6151061263,3340022.6151061263,4.175028268882658,13.592367006650065,15.236211808372598,1.6438448017225333,1.6796286794906095,0.85,1.427684377567018,exact_age_validated,0.85,0.4168377823408633,32.432432432432435
604320.0,Frans Krätzig,Heidenheim,Fußballclub Red Bull Salzburg,Bundesliga,2024-2025,DEF,21.932922655715263,1217,1500000.0,7496689.233253184,5996689.233253184,3.997792822168789,14.22097566607244,15.829972045478934,1.608996379406495,1.6440216626386024,0.85,1.397418413242812,exact_age_validated,0.85,0.932922655715263,10.256410256410254
698164.0,Freddie Potts,Portsmouth,West Ham United Football Club,Championship,2024-2025,MID,21.300479123887747,3057,600000.0,2980627.090340766,2380627.090340766,3.96771181723461,13.304684934198283,14.907644269343926,1.602959335145643,1.6378532015592744,0.85,1.3921752213253833,exact_age_validated,0.85,1.3004791238877473,25.64102564102564
611793.0,James Hill,Bournemouth,Association Football Club Bournemouth,Premier League,2024-2025,DEF,22.93223819301848,448,2000000.0,9894855.619746596,7894855.619746596,3.947427809873298,14.508657738524219,16.10752554567906,1.598867807154841,1.6336726075341643,0.85,1.3886217164040395,exact_age_validated,0.85,0.9322381930184811,45.833333333333336
855308.0,Arthur Atta,Udinese,Udinese Calcio,Serie A,2024-2025,MID,21.927446954141,1251,1000000.0,4895153.835027158,3895153.8350271583,3.895153835027158,13.815510557964274,15.403756260424771,1.5882457024604975,1.6228192765734337,0.85,1.3793963850874187,exact_age_validated,0.85,0.9274469541410006,66.66666666666667
904662.0,Louis Mouton,Saint-Étienne,Angers Sporting Club de l'Ouest,Ligue 1,2024-2025,MID,22.521560574948666,1045,800000.0,3880919.423889011,3080919.423889011,3.851149279861264,13.592367006650065,15.171582648447552,1.5792156417974876,1.6135926459017071,0.85,1.371553749016451,exact_age_validated,0.85,0.5215605749486656,31.818181818181824
587002.0,Myles Peart-Harris,Swansea City,Brentford Football Club,Championship,2024-2025,MID,22.28336755646817,1665,700000.0,3223977.9458096223,2523977.9458096223,3.6056827797280318,13.458835614025542,14.986126541955489,1.527290927929947,1.56053761388477,0.85,1.3264569718020545,exact_age_validated,0.85,1.2833675564681712,17.14285714285714
585958.0,Junior Kadile,Almere City,Servette Football Club 1890 SA,Eredivisie,2024-2025,MID,22.0041067761807,2207,500000.0,2275749.134970193,1775749.1349701928,3.5514982699403856,13.122363377404328,14.637819846259891,1.5154564688555627,1.548445537524055,0.85,1.3161787068954467,exact_age_validated,0.85,1.0041067761806985,33.333333333333336
710671.0,Adama Boiro,Athletic Club,Athletic Club Bilbao,LaLiga,2024-2025,DEF,22.305270362765228,1101,1500000.0,5409792.796684332,3909792.796684332,2.6065285311228883,14.22097566607244,15.50372135003085,1.2827456839584102,1.3106690102445648,1.0,1.3106690102445648,exact_age_club_validated,1.0,0.3052703627652278,78.78787878787878
671675.0,Chris Lokesa,RKC Waalwijk,RKC Waalwijk,Eredivisie,2024-2025,MID,20.109514031485283,1012,500000.0,1758866.605309812,1258866.605309812,2.5177332106196237,13.122363377404328,14.380180185318062,1.2578168079137342,1.2851974723547175,1.0,1.2851974723547175,exact_age_club_validated,1.0,1.1095140314852827,100.0
929573.0,Joel silva,Boavista,Clube Desportivo Nacional,Liga Portugal,2024-2025,MID,21.853524982888434,2397,600000.0,2569461.1435805988,1969461.1435805988,3.282435239300998,13.304684934198283,14.759206763128685,1.4545218289304014,1.4861844477390052,0.85,1.2632567805781543,exact_age_validated,0.85,0.8535249828884339,30.303030303030297
522248.0,Jamie Lawrence,WSG Tirol,Wattener Sportgemeinschaft Swarovski Tirol,Austrian Bundesliga,2024-2025,DEF,22.102669404517453,2510,500000.0,2135359.0738676786,1635359.0738676786,3.2707181477353573,13.122363377404328,14.574145374984786,1.4517819975804578,1.4833849746333259,0.85,1.260877228438327,exact_age_validated,0.85,1.102669404517453,27.450980392156865
967346.0,Eliezer Mayenda,Sunderland,Sunderland Association Football Club,Championship,2024-2025,MID,19.381245722108144,2155,1000000.0,4264756.011737479,3264756.011737479,3.2647560117374788,13.815510557964274,15.265895530175978,1.4503849722117046,1.4819575382519383,0.85,1.2596639075141476,exact_age_validated,0.85,0.3812457221081438,43.47826086956522
809498.0,Luca Kerber,Heidenheim,1. Fußballclub Heidenheim 1846,Bundesliga,2024-2025,MID,22.781656399726216,783,1300000.0,5528746.811715742,4228746.811715742,3.252882162858263,14.077874822431765,15.52547173149089,1.4475969090591256,1.479108783414258,0.85,1.2572424659021193,exact_age_validated,0.85,0.7816563997262165,62.5
583046.0,Medon Berisha,Lecce,Unione Sportiva Lecce,Serie A,2024-2025,MID,21.16084873374401,716,1000000.0,4218221.259002086,3218221.259002086,3.2182212590020858,13.815510557964274,15.25492409454886,1.4394135365845866,1.4707472719815566,0.85,1.250135181184323,exact_age_validated,0.85,1.160848733744011,38.46153846153846
907813.0,Pablo Marín,Real Sociedad,Real Sociedad de Fútbol S.A.D.,LaLiga,2024-2025,MID,21.48665297741273,1239,1800000.0,7572101.461788003,5772101.461788003,3.2067230343266684,14.403297222866392,15.839981190823796,1.4366839679574035,1.4679582850017332,0.85,1.2477645422514732,exact_age_validated,0.85,0.4866529774127315,61.904761904761905
814491.0,Isa Sakamoto,Westerlo,Koninklijke Voetbal Club Westerlo,Belgian Pro League,2024-2025,MID,21.29226557152635,1356,700000.0,2939033.484354749,2239033.484354749,3.198619263363927,13.458835614025542,14.89359133844767,1.4347557244221285,1.4659880666821592,0.85,1.2460898566798353,exact_age_validated,0.85,1.2922655715263502,39.02439024390244
877139.0,Alberto costa,Vitória Guimarães,Futebol Clube do Porto,Liga Portugal,2024-2025,DEF,21.026694045174537,675,500000.0,2085289.2479679144,1585289.2479679144,3.1705784959358287,13.122363377404328,14.55041813163536,1.428054754231031,1.4591412270647055,0.85,1.2402700430049995,exact_age_validated,0.85,1.026694045174537,30.76923076923077
1086381.0,Erick Nunes,Cercle Brugge,Cercle Brugge Koninklijke Sportvereniging,Belgian Pro League,2024-2025,MID,20.591375770020534,1805,500000.0,2080997.5949330146,1580997.5949330146,3.1619951898660292,13.122363377404328,14.548357949648537,1.4259945722442087,1.457036198204067,0.85,1.238480768473457,exact_age_validated,0.85,0.5913757700205338,48.14814814814815
934527.0,Alieu Njie,Torino,Torino Calcio,Serie A,2024-2025,ATT,19.430527036276523,394,800000.0,3325240.4272553194,2525240.4272553194,3.156550534069149,13.592367006650065,15.017052538406894,1.424685531756829,1.455698661994497,0.85,1.2373438626953224,exact_age_validated,0.85,0.4305270362765228,63.1578947368421
709727.0,Kévin Boma,Estoril,Grupo Desportivo Estoril Praia,Liga Portugal,2024-2025,DEF,21.883641341546884,2467,600000.0,2444061.1356753525,1844061.1356753525,3.0734352261255875,13.304684934198283,14.70917161355788,1.4044866793595965,1.4350601128178115,0.85,1.2198010958951397,exact_age_validated,0.85,0.883641341546884,37.83783783783784
883865.0,Rafik Messali,Toulouse,Toulouse Football Club,Ligue 1,2024-2025,MID,21.905544147843944,456,800000.0,3243178.954473066,2443178.954473066,3.053973693091333,13.592367006650065,14.992064565534825,1.3996975588847604,1.430166740833643,0.85,1.2156417297085964,exact_age_validated,0.85,0.9055441478439441,53.333333333333336
629777.0,Václav Sejk,Famalicão,"SK Sigma Olomouc, a.s.",Liga Portugal,2024-2025,ATT,22.562628336755647,858,600000.0,2390383.774213152,1790383.774213152,2.98397295702192,13.304684934198283,14.686964486001493,1.3822795518032098,1.412369571536951,0.85,1.2005141358064084,exact_age_validated,0.85,0.5626283367556475,27.586206896551722
527279.0,Emilio Kehrer,Willem II,Willem II Tilburg,Eredivisie,2024-2025,MID,22.746064339493497,979,500000.0,1979492.7904727124,1479492.7904727124,2.958985580945425,13.122363377404328,14.498351203426571,1.375987826022243,1.4059408849272852,0.85,1.1950497521881924,exact_age_validated,0.85,0.7460643394934969,69.23076923076923
834487.0,Hugo Rincón,CD Mirandés,Girona Fútbol Club S. A. D.,Spanish Segunda División,2024-2025,DEF,21.713894592744694,3287,500000.0,1959349.763016542,1459349.763016542,2.918699526033084,13.122363377404328,14.488123222601324,1.3657598451969957,1.3954902572832621,0.85,1.1861667186907727,exact_age_validated,0.85,0.713894592744694,40.0
943549.0,Mark O'Mahony,Portsmouth,Brighton and Hove Albion Football Club,Championship,2024-2025,ATT,19.958932238193018,595,500000.0,1923873.823892043,1423873.823892043,2.847747647784086,13.122363377404328,14.46985132795963,1.3474879505553012,1.376820612657041,0.85,1.170297520758485,exact_age_validated,0.85,0.9589322381930181,29.166666666666664
666268.0,Daniel Fila,Venezia,"SK Slavia Praha, a.s.",Serie A,2024-2025,ATT,22.33264887063655,492,1200000.0,4494080.838654175,3294080.8386541754,2.7450673655451463,13.997832114758229,15.318271719695172,1.3204396049369436,1.3491834677235524,0.85,1.1468059475650194,exact_age_validated,0.85,1.3326488706365502,23.076923076923073
621195.0,Bas van den Eynden,Mechelen,Yellow-Red Koninklijke Voetbalclub Mechelen,Belgian Pro League,2024-2025,DEF,22.73511293634497,1026,500000.0,1867573.3701417025,1367573.3701417025,2.735146740283405,13.122363377404328,14.440150483111177,1.3177871057068486,1.3464732278185894,0.85,1.144502243645801,exact_age_validated,0.85,0.7351129363449687,31.372549019607842
617021.0,Ben Old,Saint-Étienne,AS Saint-Étienne,Ligue 1,2024-2025,MID,22.151950718685832,528,800000.0,2446660.392559884,1646660.392559884,2.058325490699855,13.592367006650065,14.71023454757048,1.1178675409204146,1.1422017331770578,1.0,1.1422017331770578,exact_age_club_validated,1.0,1.151950718685832,89.65517241379311
