player_name_fbref,player_id_tm,club,current_club_name_tm,league,season,position_group,age,minutes_played,market_value_eur,predicted_market_value_ml_eur,market_value_gap_ml_eur,market_value_gap_ml_pct,log_market_value_eur,predicted_log_market_value_ml,inefficiency_score_ml,inefficiency_score_ml_z,confidence_score_ml,opportunity_score_ml,matching_method,matching_confidence,age_diff,club_score
Lasse Rosenboom,512352.0,Holstein Kiel,Holstein Kiel,Bundesliga,2024-2025,MID,22.91854893908282,1734,500000.0,9689610.77229897,9189610.77229897,18.37922154459794,13.122363377404328,16.08656481508279,2.9642014376784633,3.1309366265847176,0.9081451060917178,2.8433447749162237,exact_age_club_validated,1.0,0.9185489390828216,100.0
Mario Martín,948273.0,Valladolid,Getafe Club de Fútbol S. A. D. Team Dubai,LaLiga,2024-2025,MID,20.602327173169062,1748,500000.0,7893937.7852165755,7393937.7852165755,14.787875570433151,13.122363377404328,15.881605653899053,2.7592422764947244,2.9219789705907586,0.7988021902806297,2.3340832016618376,exact_age_validated,0.85,0.602327173169062,20.833333333333336
Yassin Belkhdim,807688.0,Angers,Angers Sporting Club de l'Ouest,Ligue 1,2024-2025,MID,22.64476386036961,1523,500000.0,5943089.547992066,5443089.547992066,10.886179095984131,13.122363377404328,15.597739682044814,2.475376304640486,2.632575131540431,0.795195071868583,2.0934107709247374,exact_age_validated,0.85,0.6447638603696113,32.432432432432435
Jesus Rodríguez,1190411.0,Real Betis,Calcio Como,LaLiga,2024-2025,MID,18.89664613278576,1111,700000.0,8570096.826111134,7870096.826111134,11.242995465873049,13.458835614025542,15.963789588772814,2.5049539747472718,2.6627298246977475,0.7737850787132103,2.0603806069957593,exact_age_validated,0.85,0.8966461327857616,19.047619047619047
Pau Navarro,1061336.0,Villarreal,Villarreal Club de Fútbol S.A.D.,LaLiga,2024-2025,DEF,19.64955509924709,916,500000.0,4145954.509938226,3645954.509938226,7.291909019876453,13.122363377404328,15.237643599881544,2.1152802224772156,2.2654540288443155,0.7947878165639971,1.800555261111284,exact_age_validated,0.85,0.6495550992470918,48.78048780487805
Kévin Danois,743496.0,Auxerre,Association de la Jeunesse auxerroise,Ligue 1,2024-2025,MID,20.27652292950034,1460,500000.0,3469123.5171220265,2969123.5171220265,5.938247034244053,13.122363377404328,15.059412531291496,1.937049153887168,2.0837458968302114,0.826495550992471,1.7222067131289862,exact_age_validated,0.85,0.2765229295003415,31.818181818181824
Jérémy Jacquet,1004301.0,Rennes,Stade Rennais Football Club,Ligue 1,2024-2025,DEF,19.225188227241617,927,600000.0,3492213.037270358,2892213.037270358,4.820355062117263,13.304684934198283,15.066046201317407,1.761361267119124,1.904630560908866,0.8308590006844625,1.5824794445098278,exact_age_validated,0.85,0.2251882272416168,30.303030303030297
Antoine Hainaut,917375.0,Parma,Parma Calcio 1913,Serie A,2024-2025,DEF,22.663928815879533,1206,750000.0,4711675.329211243,3961675.3292112434,5.282233772281658,13.527828485512494,15.36555409897089,1.837725613458396,1.9824846793605915,0.7935660506502397,1.5732325374747913,exact_age_validated,0.85,0.6639288158795331,58.82352941176471
Clément Akpa,806793.0,Auxerre,Association de la Jeunesse auxerroise,Ligue 1,2024-2025,DEF,22.869267624914443,2486,1000000.0,6418389.509992911,5418389.509992911,5.4183895099929105,13.815510557964274,15.674677789055439,1.859167231091165,2.004344595918533,0.7761122518822724,1.5555963978863958,exact_age_validated,0.85,0.8692676249144426,31.818181818181824
Louis Mouton,904662.0,Saint-Étienne,Angers Sporting Club de l'Ouest,Ligue 1,2024-2025,MID,22.521560574948666,1045,800000.0,4730787.940414056,3930787.940414056,4.9134849255175705,13.592367006650065,15.369602330191661,1.7772353235415963,1.9208143001572038,0.8056673511293635,1.5475373692190566,exact_age_validated,0.85,0.5215605749486656,31.818181818181824
Emmanuel Biumla,1071956.0,Angers,Angers Sporting Club de l'Ouest,Ligue 1,2024-2025,DEF,19.416837782340863,1336,800000.0,3965869.364531172,3165869.364531172,3.9573367056639652,13.592367006650065,15.193235648671973,1.6008686420219078,1.7410069270544732,0.8145687885010267,1.4181699033426576,exact_age_validated,0.85,0.4168377823408633,32.432432432432435
Arthur Atta,855308.0,Udinese,Udinese Calcio,Serie A,2024-2025,MID,21.927446954141,1251,1000000.0,5262744.248260221,4262744.248260221,4.262744248260222,13.815510557964274,15.476163168866789,1.660652610902515,1.8019572057888233,0.7711670088980149,1.3896099485503917,exact_age_validated,0.85,0.9274469541410006,66.66666666666667
Luca Marianucci,814446.0,Empoli,Torino Calcio,Serie A,2024-2025,DEF,20.40520191649555,1069,800000.0,3748298.908046503,2948298.908046503,3.685373635058129,13.592367006650065,15.136812670506933,1.5444456638568678,1.6834832077268176,0.8155578370978782,1.3729779236842814,exact_age_validated,0.85,0.4052019164955496,21.052631578947366
Junior Kadile,585958.0,Almere City,Servette Football Club 1890 SA,Eredivisie,2024-2025,MID,22.0041067761807,2207,500000.0,2314878.275088631,1814878.275088631,3.6297565501772624,13.122363377404328,14.65486766316481,1.5325042857604814,1.6713088684001574,0.7646509240246406,1.2779678705527568,exact_age_validated,0.85,1.0041067761806985,33.333333333333336
Dudu,1083607.0,Nacional,Aris Thessalonikis,Liga Portugal,2024-2025,MID,22.850102669404517,1338,500000.0,2306688.3517552945,1806688.3517552945,3.613376703510589,13.122363377404328,14.651323439931536,1.528960062527208,1.6676955018403663,0.7522587268993839,1.2545384950702632,exact_age_validated,0.85,1.1498973305954827,30.76923076923077
Pablo Marín,907813.0,Real Sociedad,Real Sociedad de Fútbol S.A.D.,LaLiga,2024-2025,MID,21.48665297741273,1239,1800000.0,7355010.491908949,5555010.491908949,3.0861169399494157,14.403297222866392,15.810892338516854,1.4075951156504622,1.5439628778740646,0.8086344969199178,1.2485016450127229,exact_age_validated,0.85,0.4866529774127315,61.904761904761905
Yan Diomandé,1390649.0,Leganés,RasenBallsport Leipzig,LaLiga,2024-2025,MID,18.472279260780287,545,600000.0,8637222.866786422,8037222.866786422,13.395371444644036,13.304684934198283,15.971591661656086,2.6669067274578033,2.827842071414177,0.4389407369381702,1.2412550827713007,exact_age_validated,0.85,1.4722792607802866,41.379310344827594
Adama Boiro,710671.0,Athletic Club,Athletic Club Bilbao,LaLiga,2024-2025,DEF,22.305270362765228,1101,1500000.0,4720139.391580033,3220139.391580033,2.1467595943866886,14.22097566607244,15.367348889240088,1.1463732231676484,1.2776448756327214,0.9694729637234772,1.238642164165768,exact_age_club_validated,1.0,0.3052703627652278,78.78787878787878
Hugo Álvarez,892929.0,Celta Vigo,Real Club Celta de Vigo S. A. D.,LaLiga,2024-2025,MID,21.27857631759069,1572,3000000.0,11597351.68393816,8597351.68393816,2.8657838946460537,14.914122846632385,16.26628732690269,1.3521644802703072,1.4874508606878236,0.8263210130047912,1.229111901998411,exact_age_validated,0.85,0.2785763175906908,51.28205128205128
Frans Krätzig,604320.0,Heidenheim,Fußballclub Red Bull Salzburg,Bundesliga,2024-2025,DEF,21.932922655715263,1217,1500000.0,6431183.1512640845,4931183.1512640845,3.2874554341760565,14.22097566607244,15.676669084149205,1.4556934180767662,1.5929995175355585,0.7707015742642027,1.2277272359667704,exact_age_validated,0.85,0.932922655715263,10.256410256410254
Joel silva,929573.0,Boavista,Clube Desportivo Nacional,Liga Portugal,2024-2025,MID,21.853524982888434,2397,600000.0,2512722.5970291593,1912722.5970291593,3.1878709950485993,13.304684934198283,14.73687742325759,1.4321924890593074,1.569040115024312,0.7774503764544831,1.2198508280978368,exact_age_validated,0.85,0.8535249828884339,30.303030303030297
Kévin Boma,709727.0,Estoril,Grupo Desportivo Estoril Praia,Liga Portugal,2024-2025,DEF,21.883641341546884,2467,600000.0,2493105.058036819,1893105.058036819,3.1551750967280316,13.304684934198283,14.729039502827895,1.424354568629612,1.561049286649541,0.7748904859685148,1.209642240352666,exact_age_validated,0.85,0.883641341546884,37.83783783783784
Rabby Nzingoula,1068110.0,Montpellier,Montpellier HSC,Ligue 1,2024-2025,MID,18.86652977412731,1689,1500000.0,4858786.774385338,3358786.7743853377,2.2391911829235585,14.22097566607244,15.396299329812562,1.175323663740123,1.3071601027983595,0.9133470225872689,1.1938907879357499,exact_age_club_validated,1.0,0.8665297741273115,84.61538461538461
Carlos Romero,709372.0,Espanyol,Reial Club Deportiu Espanyol de Barcelona S.A.D.,LaLiga,2024-2025,DEF,22.951403148528406,2554,2500000.0,10239428.703381322,7739428.703381322,3.0957714813525286,14.73180128983843,16.14175638533386,1.4099550954954303,1.5463688979502077,0.7691307323750854,1.189359843002497,exact_age_validated,0.85,0.9514031485284065,29.09090909090909
Javi Rodríguez,1076815.0,Celta Vigo,Real Club Celta de Vigo S. A. D.,LaLiga,2024-2025,DEF,21.29226557152635,2514,3000000.0,11080492.288664907,8080492.288664907,2.693497429554969,14.914122846632385,16.22069666868133,1.3065738220489465,1.440970786207927,0.8251574264202602,1.189027745494112,exact_age_validated,0.85,0.29226557152635024,51.28205128205128
Lucas Stassin,655012.0,Saint-Étienne,AS Saint-Étienne,Ligue 1,2024-2025,ATT,19.854893908281998,1887,6000000.0,19264650.933480125,13264650.933480125,2.210775155580021,15.60727002719233,16.773782416671395,1.166512389479065,1.2981769316862373,0.9145106091718003,1.1871965766091594,exact_age_club_validated,1.0,0.8548939082819977,89.65517241379311
Mikel Jauregizar,938729.0,Athletic Club,Athletic Club Bilbao,LaLiga,2024-2025,MID,20.91170431211499,2244,3000000.0,9669273.371054636,6669273.371054636,2.223091123684879,14.914122846632385,16.084463722005783,1.1703408753733981,1.3020801065131904,0.9088295687885012,1.1833689017304685,exact_age_club_validated,1.0,0.9117043121149884,78.78787878787878
Syb Van Ottele,485586.0,Fortuna Sittard,Fortuna Sittardia Combinatie,Eredivisie,2024-2025,DEF,22.872005475701574,1874,600000.0,2384787.960751586,1784787.9607515861,2.9746466012526436,13.304684934198283,14.684620773007017,1.3799358388087342,1.5157640034155853,0.7758795345653662,1.1760502694810204,exact_age_validated,0.85,0.8720054757015738,69.76744186046511
Jakob Breum,657957.0,Go Ahead Eagles,Go Ahead Eagles,Eredivisie,2024-2025,MID,20.908966461327857,2059,1500000.0,4792545.796202269,3292545.7962022694,2.195030530801513,14.22097566607244,15.3825723096627,1.1615966435902614,1.2931652857932026,0.9091033538672143,1.175620898419255,exact_age_club_validated,1.0,0.9089664613278572,100.0
Armin Gigovic,651269.0,Holstein Kiel,Berner Sport Club Young Boys,Bundesliga,2024-2025,MID,22.510609171800137,1895,2500000.0,9262866.521126356,6762866.521126356,2.7051466084505424,14.73180128983843,16.041524118235586,1.309722828397156,1.4441812256995392,0.8065982203969884,1.1648740065799896,exact_age_validated,0.85,0.5106091718001373,24.390243902439025
Santiago Mouriño,953901.0,Alavés,Villarreal Club de Fútbol S.A.D.,LaLiga,2024-2025,DEF,22.65845311430527,1849,2000000.0,7384835.638956288,5384835.638956288,2.692417819478144,14.508657738524219,15.814939217634448,1.306281479110229,1.4406727400270785,0.794031485284052,1.143939515571946,exact_age_validated,0.85,0.6584531143052708,21.62162162162162
Milan Smit,703772.0,Go Ahead Eagles,Go Ahead Eagles,Eredivisie,2024-2025,ATT,21.66735112936345,837,1000000.0,3268210.4836671813,2268210.4836671813,2.2682104836671813,13.815510557964274,14.999753140374855,1.1842425824105813,1.3162530183265853,0.8679363449691992,1.1424238337810528,exact_age_club_validated,1.0,0.6673511293634498,100.0
Chris Lokesa,671675.0,RKC Waalwijk,RKC Waalwijk,Eredivisie,2024-2025,MID,20.109514031485283,1012,500000.0,1543542.3347650578,1043542.3347650578,2.0870846695301157,13.122363377404328,14.249590550319553,1.1272271729152248,1.2581253100803307,0.8890485968514718,1.1185345415902408,exact_age_club_validated,1.0,1.1095140314852827,100.0
Václav Sejk,629777.0,Famalicão,"SK Sigma Olomouc, a.s.",Liga Portugal,2024-2025,ATT,22.562628336755647,858,600000.0,2261019.865065506,1661019.8650655062,2.768366441775844,13.304684934198283,14.63132653718591,1.3266416029876265,1.4614300642500913,0.764741683778234,1.1176164880587476,exact_age_validated,0.85,0.5626283367556475,27.586206896551722
Emilio Kehrer,527279.0,Willem II,Willem II Tilburg,Eredivisie,2024-2025,MID,22.746064339493497,979,500000.0,1789312.6089493376,1289312.6089493376,2.5786252178986753,13.122363377404328,14.397342086716655,1.274978709312327,1.4087592926587786,0.7865845311430527,1.108108267709424,exact_age_validated,0.85,0.7460643394934969,69.23076923076923
Tyler Dibling,866655.0,Southampton,Everton Football Club,Premier League,2024-2025,MID,18.62012320328542,1874,5000000.0,17137091.327655304,12137091.327655304,2.427418265531061,15.424948470398375,16.656755755896178,1.231807285497803,1.3647456487986847,0.7972895277207392,1.088097413789637,exact_age_validated,0.85,0.62012320328542,25.0
Adrian Blake,875581.0,Utrecht,Football Club Utrecht,Eredivisie,2024-2025,MID,19.42505133470226,468,500000.0,5362312.780064451,4862312.780064451,9.724625560128901,13.122363377404328,15.49490592880045,2.372542551396121,2.5277352214290674,0.42321273100616014,1.0697697263214565,exact_age_validated,0.85,0.4250513347022604,50.0
Daniele Ghilardi,701819.0,Hellas Verona,Associazione Sportiva Roma,Serie A,2024-2025,DEF,21.949349760438057,2029,1600000.0,5462385.536704628,3862385.536704628,2.413990960440392,14.28551418721001,15.513396163787421,1.227881976577411,1.3607437620505143,0.7693052703627651,1.0468273477587169,exact_age_validated,0.85,0.9493497604380572,30.76923076923077
Raúl Moro,624942.0,Valladolid,Club Atlético Osasuna,LaLiga,2024-2025,MID,21.8507871321013,2341,4000000.0,13171680.198059238,9171680.198059238,2.2929200495148097,15.201804919084164,16.39357964326316,1.1917747241789947,1.3239321026839364,0.7776830937713896,1.0295996135585046,exact_age_validated,0.85,0.8507871321012992,25.806451612903224
Christantus Uche,1124005.0,Getafe,Crystal Palace Football Club,LaLiga,2024-2025,MID,21.399041752224505,2486,5000000.0,15417106.57668235,10417106.57668235,2.08342131533647,15.424948470398375,16.55098826755121,1.1260397971528366,1.2569147701139312,0.8160814510609171,1.025744829454476,exact_age_validated,0.85,0.39904175222450533,23.529411764705888
Nhoa Sangui,955281.0,Reims,Paris Football Club,Ligue 1,2024-2025,DEF,18.60917180013689,1158,1500000.0,4714129.654970762,3214129.6549707623,2.1427531033138414,14.22097566607244,15.366074866336458,1.1450992002640188,1.2763459981486045,0.7982203969883642,1.0188054093366892,exact_age_validated,0.85,0.6091718001368918,25.0
Lukas Ullrich,787151.0,Gladbach,Borussia Verein für Leibesübungen 1900 Mönchengladbach,Bundesliga,2024-2025,DEF,20.763860369609855,1903,3000000.0,9456646.368019307,6456646.368019307,2.1522154560064357,14.914122846632385,16.06222837162389,1.1481055249915038,1.279410972480973,0.7850718685831624,1.0044295628514384,exact_age_validated,0.85,0.7638603696098549,28.07017543859649
Amadou Koné,1178474.0,Reims,Neom Sports Club,Ligue 1,2024-2025,MID,19.575633127994525,1293,1000000.0,3071556.9736556727,2071556.9736556727,2.0715569736556727,13.815510557964274,14.937695148545023,1.1221845905807495,1.252984353322492,0.8010711841204654,1.0037296596004643,exact_age_validated,0.85,0.575633127994525,28.57142857142857
Omar El Hilali,822331.0,Espanyol,Reial Club Deportiu Espanyol de Barcelona S.A.D.,LaLiga,2024-2025,DEF,21.08145106091718,3153,3000000.0,9836095.167076746,6836095.167076746,2.278698389025582,14.914122846632385,16.101569357655386,1.1874465110230012,1.3195194515465334,0.7580766598220399,1.000296898398606,exact_age_validated,0.85,1.0814510609171784,29.09090909090909
Andrés García,1063329.0,Aston Villa,Aston Villa Football Club,Premier League,2024-2025,DEF,21.683778234086244,318,900000.0,9577378.173740257,8677378.173740257,9.64153130415584,13.710150042306449,16.074914435428038,2.3647643931215896,2.519805321093756,0.3959394250513346,0.9976902700751553,exact_age_validated,0.85,0.6837782340862439,61.111111111111114
Tika de Jonge,653725.0,Groningen,Football Club Groningen,Eredivisie,2024-2025,MID,21.596167008898014,1271,500000.0,1519944.93642271,1019944.9364227101,2.03988987284542,13.122363377404328,14.23418466612859,1.1118212887242613,1.2424188765134396,0.7993258042436687,0.9930974676766204,exact_age_validated,0.85,0.5961670088980142,56.25
Williot Swedberg,764859.0,Celta Vigo,Real Club Celta de Vigo S. A. D.,LaLiga,2024-2025,MID,20.903490759753595,1348,5000000.0,15640716.00719815,10640716.00719815,2.12814320143963,15.424948470398375,16.565388072544934,1.140439602146559,1.2715954971469663,0.7732032854209444,0.9832018161205135,exact_age_validated,0.85,0.9034907597535948,51.28205128205128
Gerard Martín,705395.0,Barcelona,Futbol Club Barcelona,LaLiga,2024-2025,DEF,22.622861054072555,1038,3000000.0,9013789.634104341,6013789.634104341,2.004596544701447,14.914122846632385,16.014266144275062,1.1001432976426777,1.2305130625501473,0.7970568104038329,0.9807888167964726,exact_age_validated,0.85,0.6228610540725548,60.0
Wouter Prins,671734.0,Groningen,Football Club Groningen,Eredivisie,2024-2025,DEF,20.687200547570157,1662,500000.0,1512233.8259543139,1012233.8259543139,2.0244676519086275,13.122363377404328,14.229098470560213,1.1067350931558853,1.2372334556824969,0.7915879534565367,0.9793790991316663,exact_age_validated,0.85,0.687200547570157,56.25
Jon Martin,1018938.0,Real Sociedad,Real Sociedad de Fútbol S.A.D.,LaLiga,2024-2025,DEF,18.680355920602327,904,2000000.0,5783761.979577806,3783761.979577806,1.8918809897889028,14.508657738524219,15.570564890448715,1.0619071519244958,1.1915309778393681,0.7921697467488023,0.943894792958365,exact_age_validated,0.85,0.6803559206023273,61.904761904761905
