player_name,slug,image_file,status,wikidata_qid,source_image,local_path,error
Yassin Belkhdim,yassin_belkhdim,yassin_belkhdim.webp,downloaded,Q125728886,Belkhdim asse sco 2425.png,app\assets\players\yassin_belkhdim.webp,
Lasse Rosenboom,lasse_rosenboom,lasse_rosenboom.webp,downloaded,Q121222105,2026-03-04 Lasse Rosenboom.jpg,app\assets\players\lasse_rosenboom.webp,
Mario Martín,mario_martin,mario_martin.webp,not_found,,,,
Andrés García,andres_garcia,andres_garcia.webp,downloaded,Q524187,Andres Garcia.jpg,app\assets\players\andres_garcia.webp,
Jesús Rodríguez,jesus_rodriguez,jesus_rodriguez.webp,downloaded,Q5930600,Suarez lastra- jesus rodriguez somos 23.03.1984.jpg,app\assets\players\jesus_rodriguez.webp,
Adrian Blake,adrian_blake,adrian_blake.webp,not_found,,,,
Bilal Nadir,bilal_nadir,bilal_nadir.webp,downloaded,Q122809324,Nadir asse om 2425.png,app\assets\players\bilal_nadir.webp,
Yan Diomande,yan_diomande,yan_diomande.webp,not_found,,,,
Emilio Kehrer,emilio_kehrer,emilio_kehrer.webp,not_found,,,,
Mikel Jauregizar,mikel_jauregizar,mikel_jauregizar.webp,downloaded,Q123698330,Mikel Jauregizar. Athletic - Racing. Foto Maider Goikoetxea (53909642167).jpg,app\assets\players\mikel_jauregizar.webp,
Jamie Lawrence,jamie_lawrence,jamie_lawrence.webp,not_found,,,,
Kévin Danois,kevin_danois,kevin_danois.webp,downloaded,Q117485466,Kevin Danois.jpg,app\assets\players\kevin_danois.webp,
Dominik Javorček,dominik_javorcek,dominik_javorcek.webp,downloaded,Q100773311,2025-02-19 Dominik Javorcek 1.jpg,app\assets\players\dominik_javorcek.webp,
Junior Kadile,junior_kadile,junior_kadile.webp,not_found,,,,
Hugo Rincón,hugo_rincon,hugo_rincon.webp,not_found,,,,
Luca Marianucci,luca_marianucci,luca_marianucci.webp,not_found,,,,
Carlos Romero,carlos_romero,carlos_romero.webp,not_found,,,,
James Abankwah,james_abankwah,james_abankwah.webp,downloaded,Q110714297,James Abankwah 09082025 (5).jpg,app\assets\players\james_abankwah.webp,
Óscar Aranda,oscar_aranda,oscar_aranda.webp,not_found,,,,
Abu Kamara,abu_kamara,abu_kamara.webp,downloaded,Q27662862,Banc de touche Sierra Leonais.jpg,app\assets\players\abu_kamara.webp,
Myles Peart-Harris,myles_peart_harris,myles_peart_harris.webp,downloaded,Q108653513,"Myles Peart-Harris, Brentford F.C. footballer, July 2021.jpg",app\assets\players\myles_peart_harris.webp,
Marwan Al-Sahafi,marwan_al_sahafi,marwan_al_sahafi.webp,not_found,,,,
Léandre Kuavita,leandre_kuavita,leandre_kuavita.webp,not_found,,,,
Antoine Hainaut,antoine_hainaut,antoine_hainaut.webp,not_found,,,,
Pau Navarro,pau_navarro,pau_navarro.webp,not_found,,,,
Alexander Briedl,alexander_briedl,alexander_briedl.webp,not_found,,,,
Alessandro Bianco,alessandro_bianco,alessandro_bianco.webp,downloaded,Q3609849,Bianconcini Alessandro.jpg,app\assets\players\alessandro_bianco.webp,
Johan Manzambi,johan_manzambi,johan_manzambi.webp,not_found,,,,
Christantus Uche,christantus_uche,christantus_uche.webp,not_found,,,,
Javi Rodríguez,javi_rodriguez,javi_rodriguez.webp,downloaded,Q123352800,"Gran Peña - Rápido de Bouzas, no Estadio Municipal de Barreiro 91.jpg",app\assets\players\javi_rodriguez.webp,
Saba Goglichidze,saba_goglichidze,saba_goglichidze.webp,downloaded,Q113414679,Saba Goglichidze 03042026 (2).jpg,app\assets\players\saba_goglichidze.webp,
Rabby Nzingoula,rabby_nzingoula,rabby_nzingoula.webp,downloaded,Q124902174,Rabby Nzingoula 2024.jpg,app\assets\players\rabby_nzingoula.webp,
Mark O'Mahony,mark_o_mahony,mark_o_mahony.webp,not_found,,,,
Gerard Martín,gerard_martin,gerard_martin.webp,downloaded,Q121943745,2025 04 26 Final de la Copa del Rey - 54482387776 - Gerard Martín.jpg,app\assets\players\gerard_martin.webp,
Erick Nunes,erick_nunes,erick_nunes.webp,not_found,,,,
Williot Swedberg,williot_swedberg,williot_swedberg.webp,downloaded,Q107485012,"Cropped, Williot Swedberg, Hammarby IF - Brage 2021-02-07 30.jpg",app\assets\players\williot_swedberg.webp,
Louis Mouton,louis_mouton,louis_mouton.webp,downloaded,Q113543717,Mouton ASSE losc 2425.jpg,app\assets\players\louis_mouton.webp,
Jakob Breum,jakob_breum,jakob_breum.webp,downloaded,Q96361481,GAE - PAOK Saloniki (Jakob Breum).jpg,app\assets\players\jakob_breum.webp,
Bas Van den Eynden,bas_van_den_eynden,bas_van_den_eynden.webp,not_found,,,,
Lukas Ullrich,lukas_ullrich,lukas_ullrich.webp,not_found,,,,
David López,david_lopez,david_lopez.webp,downloaded,Q536225,David Lopez Garcia.jpg,app\assets\players\david_lopez.webp,
Emmanuel Biumla,emmanuel_biumla,emmanuel_biumla.webp,not_found,,,,
Clément Akpa,clement_akpa,clement_akpa.webp,downloaded,Q123126696,Akpro aja asse 2425.png,app\assets\players\clement_akpa.webp,
Tika de Jonge,tika_de_jonge,tika_de_jonge.webp,not_found,,,,
Kévin Boma,kevin_boma,kevin_boma.webp,not_found,,,,
Reda Belahyane,reda_belahyane,reda_belahyane.webp,not_found,,,,
Hugo Álvarez,hugo_alvarez,hugo_alvarez.webp,not_found,,,,
Álex Padilla,alex_padilla,alex_padilla.webp,downloaded,Q4717593,Alex Padilla 117th Congress portrait.jpg,app\assets\players\alex_padilla.webp,
Joel Silva,joel_silva,joel_silva.webp,not_found,,,,
Mohamed Berte,mohamed_berte,mohamed_berte.webp,not_found,,,,
Arthur Atta,arthur_atta,arthur_atta.webp,not_found,,,,
Cezary Miszta,cezary_miszta,cezary_miszta.webp,not_found,,,,
Yago Santiago,yago_santiago,yago_santiago.webp,downloaded,Q10394489,MI Yago Santiago MMA2012 003.jpg,app\assets\players\yago_santiago.webp,
Nikolas Polster,nikolas_polster,nikolas_polster.webp,downloaded,Q98090130,FC Liefering gegen FC Juniors OÖ. (15. Oktober 2021) 56.jpg,app\assets\players\nikolas_polster.webp,
Alberto Costa,alberto_costa,alberto_costa.webp,downloaded,Q366556,Tino COSTA-VAL-ESP.jpg,app\assets\players\alberto_costa.webp,
Wouter Prins,wouter_prins,wouter_prins.webp,downloaded,Q123140685,Wouter prins-1772799583.JPG,app\assets\players\wouter_prins.webp,
Melayro Bogarde,melayro_bogarde,melayro_bogarde.webp,not_found,,,,
Brayann Pereira,brayann_pereira,brayann_pereira.webp,not_found,,,,
Pablo Marín,pablo_marin,pablo_marin.webp,downloaded,Q110652731,Pablo Marin.jpg,app\assets\players\pablo_marin.webp,
Justin Omoregie,justin_omoregie,justin_omoregie.webp,downloaded,Q107622204,FC Liefering gegen SKU Amstetten (13. August 2021) 15.jpg,app\assets\players\justin_omoregie.webp,
