player_name_fbref,player_name_tm,club,league,season,position_group,age,minutes_played,market_value_eur,portfolio_cost_eur,predicted_market_value_eur,market_value_gap_eur,market_value_gap_pct,roi_proxy_pct,roi_score,upside_eur,upside_score,growth_score,confidence_score,opportunity_score,risk_score,risk_level,risk_adjusted_opportunity_score,future_asset_score,executive_decision_score,portfolio_score_conservative,portfolio_score_balanced,portfolio_score_aggressive,is_optimization_candidate
Filippo Terracciano,Filippo Terracciano,Cremonese,Serie A,2025-2026,DEF,22.87200547570157,3011,4500000.0,4500000.0,24042844.878461286,19542844.878461286,4.342854417435841,434.28544174358416,31.998460657289158,19542844.878461286,71.7778676484537,11.129992173975216,92.71875,73.98409494511206,10.29,Bajo,66.37,62.18362213118704,63.132537021819175,59.9445157444772,55.99063864778821,32.07388056243032,True
Basar Onal,Başar Önal,NEC Nijmegen,Eredivisie,2025-2026,MID,21.240246406570844,2056,1000000.0,1000000.0,6944850.446795569,5944850.446795569,5.0,594.485044679557,43.910577239976575,5944850.446795569,21.323927892698944,18.68937336812873,90.9404761904762,78.89637859080645,18.38,Bajo,64.4,53.73500734437545,60.336098982826584,57.178467130534614,55.84985228990254,33.55370889096417,True
Ousmane Camara,Ousmane Camara,Angers,Ligue 1,2025-2026,DEF,22.598220396988363,2718,1000000.0,1000000.0,6220258.354835828,5220258.354835828,5.0,522.0258354835828,38.522657846838285,5220258.354835828,18.635404527069447,28.329490058729075,88.08333333333334,81.00101023336168,28.68,Moderado,57.77,50.28231675816644,56.44628123621394,52.536939022392495,52.051913828917776,32.860322344686544,True
Taichi Fukui,Taichi Fukui,Arouca,Liga Portugal,2025-2026,MID,21.426420260095824,2521,2000000.0,2000000.0,7657024.348569304,5657024.348569304,2.828512174284652,282.8512174284652,20.73811979757115,5657024.348569304,20.25597918209905,6.667260163271589,94.75,68.3061700491904,2.21,Bajo,66.8,45.23757073451275,59.00212669346627,60.911265683204654,49.71936765789953,22.796857755453726,True
Antoine Mendy,Antoine Mendy,Nice,Ligue 1,2025-2026,DEF,21.371663244353183,2097,3000000.0,3000000.0,11472644.264713524,8472644.264713524,2.824214754904508,282.4214754904508,20.706165061277932,8472644.264713524,30.70304314716657,9.416989104315464,93.75,68.95700357295205,5.88,Bajo,64.9,47.50131927282933,58.61123053279774,59.49270834778984,49.590163902348536,24.039099742104383,True
Joe Scally,Joe Scally,Gladbach,Bundesliga,2025-2026,DEF,22.78713210130048,2608,7000000.0,7000000.0,25792182.497396845,18792182.497396845,2.6845974996281208,268.45974996281205,19.667999553169984,18792182.497396845,68.99261319483078,0.0,93.25,64.5137047944812,8.09,Bajo,59.29,55.55069410121344,57.7559144841996,57.55221957994613,49.544884874281706,23.550742823717197,True
Arnau Martinez,Arnau Martínez,Girona,LaLiga,2025-2026,DEF,22.633812457221083,2666,10000000.0,10000000.0,29276098.786078144,19276098.786078144,1.9276098786078144,192.76098786078143,14.039193596110868,19276098.786078144,70.78813410040624,5.90358773160327,94.75,64.17007894097448,2.21,Bajo,62.75,54.698767071935265,59.32520755617872,60.16481767723958,49.50405416949833,24.204443193686036,True
Álvaro Rodríguez,Álvaro Rodríguez,Elche,LaLiga,2025-2026,ATT,21.218343600273784,2201,4000000.0,4000000.0,17434873.804324627,13434873.804324629,3.3587184510811565,335.87184510811574,24.68062581276826,13434873.804324629,49.11487817945202,20.52214367042897,90.08333333333334,73.67497964934627,22.06,Bajo,57.42,52.45426784253448,56.381062890502875,53.74142831916164,49.25268601799116,28.47979329920782,True
Arijon Ibrahimović,Arijon Ibrahimovic,Heidenheim,Bundesliga,2025-2026,MID,20.021902806297057,2169,5000000.0,5000000.0,18425423.852844115,13425423.852844115,2.685084770568823,268.5084770568823,19.67162280076026,13425423.852844115,49.07981512033042,10.810020521943915,91.83333333333331,68.18023050607214,13.24,Bajo,59.15,50.65040119489645,56.49464639993854,55.92937436786572,48.177994010697795,24.564552274986994,True
Ayoube Amaimouni Echghouyab,Ayoube Amaimouni-Echghouyab,Eintracht Frankfurt,Bundesliga,2025-2026,MID,20.85968514715948,586,500000.0,500000.0,7244006.534196417,6744006.534196417,5.0,1348.8013068392834,100.0,6744006.534196417,24.289113184676438,25.87829566394785,68.06111111111113,72.23549603355966,97.06,Muy alto,2.12,62.619488613992154,31.24113802687664,16.960772602319988,48.122687630232605,44.9743097140816,True
Michael Kayode,Michael Kayode,Brentford,Premier League,2025-2026,DEF,21.270362765229294,3258,20000000.0,20000000.0,43988025.186965816,23988025.186965816,1.1994012593482908,119.94012593482908,8.62438244167609,23988025.186965816,88.2712454488211,8.2445692034437,94.19444444444444,60.77159701759479,4.41,Bajo,58.09,56.219109064755315,57.32426333637446,58.13044079316813,47.25829952646915,23.865154544116493,True
Kamory Doumbia,Kamory Doumbia,Brest,Ligue 1,2025-2026,MID,22.64202600958248,1750,5000000.0,5000000.0,23253355.449661564,18253355.449661564,3.6506710899323127,365.0671089932313,26.851526243781294,18253355.449661564,66.99335164623807,9.282675658607277,92.5277777777778,71.19457942244422,42.65,Moderado,40.83,55.3730657591496,49.94534899094291,46.3149753544468,45.9211121819436,24.613257274229863,True
Mika Godts,Mika Godts,Ajax,Eredivisie,2025-2026,MID,20.32032854209445,2676,13000000.0,13000000.0,28944883.19282596,15944883.192825958,1.2265294763712276,122.65294763712275,8.82610234480645,15944883.192825958,58.428006163893464,10.656164420758152,93.25,61.50378530057459,8.09,Bajo,56.53,48.51289442177055,54.566480665557556,56.1528772265043,44.714079664576296,21.573887960048747,True
Jacques Ekomie,Jacques Ekomié,Angers,Ligue 1,2025-2026,DEF,22.143737166324435,2239,1500000.0,1500000.0,5646136.139147499,4146136.139147498,2.764090759431666,276.40907594316656,20.259095261875423,4146136.139147498,14.649986101359868,23.17914297895209,88.70833333333333,72.0529298735528,23.53,Bajo,55.1,41.681599175040255,52.314235768470624,51.47806158349488,44.68834780820099,24.25407642041857,True
Yan Diomandé,Yan Diomande,RB Leipzig,Bundesliga,2025-2026,MID,18.915811088295687,2472,20000000.0,20000000.0,47149077.422913626,27149077.422913626,1.3574538711456814,135.74538711456813,9.799629510597498,27149077.422913626,100.0,77.17493428247812,88.08333333333334,86.34334618328205,56.62,Alto,37.46,58.844872898698874,50.76838746133113,43.80393276865586,44.46264798177884,40.53609317693741,True
Amorim,Amorim,Alverca,Liga Portugal,2025-2026,MID,20.36960985626284,1624,1000000.0,1000000.0,3688035.538998239,2688035.538998239,2.688035538998239,268.8035538998239,19.693564114531032,2688035.538998239,9.239855937867162,99.23632756833167,84.66111111111113,100.0,63.24,Alto,36.76,41.344822535663766,47.739372300582616,42.59423196403454,44.32608512348881,42.84097718661457,True
Mario Martín,Mario Martín,Getafe,LaLiga,2025-2026,MID,21.57700205338809,2125,3000000.0,3000000.0,11193893.898918906,8193893.898918906,2.731297966306302,273.1297966306302,20.015254723183574,8193893.898918906,29.668768994947094,24.29467464136275,88.08333333333334,72.10742480471049,28.68,Moderado,51.43,44.784349696126455,51.39107238497371,49.49441972385219,44.307865810081466,25.098738466848978,True
Pedro Santos,Pedro Santos,Famalicão,Liga Portugal,2025-2026,MID,22.85284052019165,706,600000.0,600000.0,7391483.374145665,6791483.374145665,5.0,1131.9138956909442,83.87269331779267,6791483.374145665,24.46527104638396,1.736846227587885,72.22777777777779,64.46738819107746,88.24,Muy alto,7.58,56.7640158388167,31.36864826458634,19.543361926584307,43.49192574725261,32.53263274131038,True
Pablo,Pablo,Gil Vicente FC,Liga Portugal,2025-2026,ATT,21.744010951403148,945,1500000.0,1500000.0,14982688.611168023,13482688.611168023,5.0,898.8459074112016,66.54223183599773,13482688.611168023,49.29229003206256,16.63417865619177,73.75,70.95861789776802,85.29,Muy alto,10.44,58.650577230168444,34.519867887095714,23.047190551327528,43.263176044072054,33.624513586415915,True
Samir El Mourabet,Samir El Mourabet,Strasbourg,Ligue 1,2025-2026,MID,20.01095140314853,2128,2000000.0,2000000.0,3421518.444074214,1421518.444074214,0.710759222037107,71.07592220371069,4.9909396559414025,1421518.444074214,4.540576383955579,100.0,86.41666666666667,90.04625649276937,34.56,Moderado,58.93,36.07689094078893,54.2139740337511,51.44057814032498,43.081787614216324,40.41864674326147,True
Ilaix Moriba,Ilaix Moriba,Celta Vigo,LaLiga,2025-2026,MID,22.89664613278576,2495,10000000.0,10000000.0,23406703.180241976,13406703.180241976,1.3406703180241977,134.06703180241976,9.674830423838994,13406703.180241976,49.01035401763604,13.122910358499462,91.41666666666669,62.42850366335118,15.44,Bajo,52.79,45.72214655208957,51.92173737069264,52.82996840867674,42.718553821795545,20.814332006740937,True
Mio Backhaus,Mio Backhaus,Werder Bremen,Bundesliga,2025-2026,GK,21.49486652977413,2880,4000000.0,4000000.0,12932692.943219803,8932692.943219805,2.2331732358049514,223.31732358049516,16.311300559936754,8932692.943219805,32.41000577512723,24.2946756584005,88.08333333333334,70.05880158108398,28.68,Moderado,49.97,43.763550289309805,50.288147888544245,48.80896395501952,42.69728815863999,23.815470438762766,True
Casper Widell,Casper Widell,Excelsior,Eredivisie,2025-2026,DEF,22.57905544147844,3053,900000.0,900000.0,2522684.070488642,1622684.070488642,1.8029823005429355,180.29823005429355,13.112488278420315,1622684.070488642,5.286980454574022,9.19628026698262,92.45833333333334,63.892911478618224,11.76,Bajo,56.38,36.75953164014759,51.57521520576054,54.50480276383045,42.49700400930643,17.72684222375152,True
William Mikelbrencis,William Mikelbrencis,Hamburger SV,Bundesliga,2025-2026,DEF,21.815195071868583,1372,2000000.0,2000000.0,9695302.036346762,7695302.0363467615,3.847651018173381,384.7651018173381,28.316228918852726,7695302.0363467615,27.81879590344885,7.430932594939907,90.01111111111113,70.01553320151824,47.79,Moderado,36.56,45.090596848875435,44.96642251918918,42.41160115898984,41.88422162311154,20.311045905301555,True
Marvin Elimbi,Marvin Elimbi,Gil Vicente FC,Liga Portugal,2025-2026,DEF,22.60917180013689,2430,1000000.0,1000000.0,2336942.478909334,1336942.4789093346,1.3369424789093347,133.69424789093347,9.647110970529551,1336942.4789093346,4.226766088425776,17.59754737996678,91.41666666666669,64.16583186899831,15.44,Bajo,54.26,34.864013402258124,49.995669724364205,52.695917138224054,40.519675105369934,18.349446647412766,True
Marko Milovanović,Marko Milovanović,Alverca,Liga Portugal,2025-2026,ATT,22.15742642026009,1529,1000000.0,1000000.0,5734046.299797386,4734046.299797386,4.734046299797386,473.4046299797386,34.907283914956096,4734046.299797386,16.83136541992692,21.19521222192881,84.48055555555557,75.53692782346417,64.71,Alto,26.66,43.50983184546476,40.18392685939236,35.30856172398538,40.25007642472999,23.842825791230332,True
Pablo Torre,Pablo Torre,Mallorca,LaLiga,2025-2026,MID,22.694045174537987,1599,5000000.0,5000000.0,19572987.79653852,14572987.796538511,2.9145975593077025,291.45975593077026,21.378233208382763,14572987.796538511,53.337731416148536,4.004962964565875,90.00833333333334,65.61035967895396,47.79,Moderado,34.26,48.160719746095225,44.16250187231459,41.328614070536105,39.94218448188654,18.623299102598782,True
Gyan de Regt,Gyan de Regt,Excelsior,Eredivisie,2025-2026,MID,22.12457221081451,2656,550000.0,550000.0,1559342.7868855775,1009342.7868855776,1.8351687034283224,183.51687034283228,13.35181982264475,1009342.7868855776,3.0112416073390658,20.990957210597468,88.55952380952381,67.07868922638089,25.0,Bajo,50.31,35.197637565988984,48.092075808202,48.934590130660006,39.87730869536903,19.45441526693657,True
Nelson Abbey,Nelson Abbey,Rio Ave,Liga Portugal,2025-2026,DEF,22.308008213552363,2082,1000000.0,1000000.0,2327750.71287174,1327750.71287174,1.32775071287174,132.775071287174,9.578762868141073,1327750.71287174,4.1926609994554624,18.68937336812873,90.9404761904762,64.34147337439566,18.38,Bajo,52.52,34.525074547639996,49.05863474036056,51.448120026635934,39.81453465142834,18.247278819147883,True
Jon Martin,Jon Martín,Real Sociedad,LaLiga,2025-2026,DEF,19.444216290212182,2250,5000000.0,5000000.0,20003103.61041974,15003103.61041974,3.000620722083948,300.06207220839485,22.017883947224913,15003103.61041974,54.93363127260278,1.6081302566244116,91.20833333333334,65.47599800843244,51.47,Alto,31.78,48.50870013469924,43.2906246353613,40.39977242719348,39.56080122564953,17.817955110938286,True
Olivier Aertssen,Olivier Aertssen,Zwolle,Eredivisie,2025-2026,DEF,21.31964407939768,1861,750000.0,750000.0,2553314.813949571,1803314.813949571,2.4044197519327613,240.44197519327614,17.584654817443138,1803314.813949571,5.957191984253147,7.430932594939907,93.08333333333334,66.23687935457272,39.71,Moderado,39.93,36.22863638641627,44.27503496751861,44.982301279460856,38.46565386646451,15.334466218088448,True
Thom van Bergen,Thom van Bergen,Groningen,Eredivisie,2025-2026,MID,21.905544147843944,2966,2000000.0,2000000.0,3565097.6401612377,1565097.6401612377,0.7825488200806189,78.25488200806188,5.524752502943507,1565097.6401612377,5.073312012430682,19.88206123867499,90.39102564102564,60.76752194198287,20.59,Bajo,48.26,32.33559833163704,46.21505781745968,49.167127817120466,36.859760512246666,16.604265913411336,True
Fares Chaïbi,Farès Chaïbi,Eintracht Frankfurt,Bundesliga,2025-2026,MID,22.87748117727584,1792,15000000.0,15000000.0,26405899.260740142,11405899.260740146,0.760393284049343,76.03932840493431,5.3600084440821565,11405899.260740146,41.586579804098776,13.886583061378047,96.51111111111112,60.76852633142311,38.24,Moderado,37.53,40.25346428384918,44.12873800391359,45.492778656151906,36.19459232587233,15.770689528781167,True
Sascha Britschgi,Sascha Britschgi,Parma,Serie A,2025-2026,DEF,19.1129363449692,2095,2500000.0,2500000.0,3889689.918696216,1389689.9186962158,0.5558759674784863,55.587596747848636,3.839259282709935,1389689.9186962158,4.42247996098629,100.0,86.41666666666667,88.68950722709778,61.76,Alto,33.91,32.652928851281274,42.86063365823987,40.17089319331286,36.14843623749164,36.21233991862593,True
Mimeirhel Benita,Mimeirhel Benita,Heracles Almelo,Eredivisie,2025-2026,DEF,22.04243668720055,1447,700000.0,700000.0,2378384.4199469555,1678384.4199469555,2.397692028495651,239.7692028495651,17.534628834575397,1678384.4199469555,5.493650790414127,1.5273495707664484,91.6361111111111,63.28619976447024,45.59,Moderado,34.43,34.77238385371008,40.865752582988236,41.26931698752998,35.813298326350335,12.45319642867231,True
Robin Roefs,Robin Roefs,Sunderland,Premier League,2025-2026,GK,22.748802190280628,3150,12000000.0,12000000.0,18419454.982525017,6419454.982525017,0.5349545818770848,53.49545818770848,3.683692115383772,6419454.982525017,23.08489851037615,31.866125428371028,88.08333333333334,62.38644121327461,28.68,Moderado,44.49,35.478138443966614,45.03832285364657,45.96203562273323,35.798705398050785,20.03010911274557,True
Tiago Gabriel,Tiago Gabriel,Lecce,Serie A,2025-2026,DEF,20.78028747433265,3219,3000000.0,3000000.0,6115872.50700272,3115872.50700272,1.0386241690009066,103.86241690009068,7.428876704493486,3115872.50700272,10.827300374431667,32.62979175781249,86.41666666666667,66.05269816142624,34.56,Moderado,43.22,33.70313823913256,44.10882419206838,44.115579013635674,35.77786934910971,19.986255087163514,True
Espen van Ee,Espen van Ee,Arouca,Liga Portugal,2025-2026,MID,22.455852156057496,1873,1000000.0,1000000.0,3135242.2443846306,2135242.2443846306,2.1352422443846306,213.52422443846305,15.58310562968885,2135242.2443846306,7.1887740872325425,3.6236207204658433,91.92948717948718,63.08312495881843,44.12,Moderado,35.25,34.64885420191164,41.23126161916468,41.86376090937537,35.66919524098429,12.697961594231039,True
Kareem Tunde,Kareem Tunde,Levante,LaLiga,2025-2026,MID,20.418891170431213,1133,500000.0,500000.0,4058313.2922581015,3558313.292258101,5.0,711.6626584516201,52.623666227418134,3558313.292258101,12.46893075139229,14.383110323445136,71.50277777777778,69.14116927999586,89.71,Muy alto,7.11,43.543027501221374,28.601407397971183,19.09155792771419,34.9362575714544,23.73990927931555,True
Aske Adelgaard,Aske Adelgaard,Go Ahead Eagles,Eredivisie,2025-2026,DEF,22.06160164271047,1564,700000.0,700000.0,1853264.0615525711,1153264.0615525711,1.6475200879322445,164.75200879322443,11.95650289089021,1153264.0615525711,3.545246482698499,4.598489516946761,92.86209150326798,61.43601577165691,41.18,Moderado,36.14,32.52649993714438,41.07214186410767,42.702970646502095,34.6470440194514,11.634947555807111,True
Williot Swedberg,Williot Swedberg,Celta Vigo,LaLiga,2025-2026,MID,21.66735112936345,1270,10000000.0,10000000.0,36327115.3600368,26327115.3600368,2.63271153600368,263.271153600368,19.28218608274182,26327115.3600368,96.95019551520562,17.749713166308812,79.44444444444446,65.56734084641853,75.0,Alto,16.39,54.54422662148919,36.083191491322665,27.439821597669933,34.07936279251288,21.735939788099312,True
Prosper Peter,Prosper Peter,Angers,Ligue 1,2025-2026,ATT,18.17111567419576,1273,1000000.0,1000000.0,2744471.273545463,1744471.273545463,1.744471273545463,174.4471273545463,12.677412184476916,1744471.273545463,5.738859166315635,100.0,76.16944444444447,92.55388202556222,80.88,Muy alto,17.7,33.91152990570272,35.63607554820479,29.815100847719204,34.0289461876564,36.95038851311518,True
Tom de Graaff,Tom de Graaff,Zwolle,Eredivisie,2025-2026,GK,20.810403832991103,2790,600000.0,600000.0,1114595.36983017,514595.36983017,0.8576589497169499,85.765894971695,6.083256147379091,514595.36983017,1.1755329298667632,25.058330800461352,86.41666666666667,61.74542750470626,34.56,Moderado,40.41,29.95777505165729,41.46802926385557,42.593926150238474,33.28022324380202,16.06753454506323,True
Pablo,Pablo,West Ham United,Premier League,2025-2026,MID,21.744010951403148,823,1500000.0,1500000.0,10456423.118064376,8956423.118064377,5.0,597.0948745376252,44.10463887908508,8956423.118064377,32.49805411328609,17.39785108786009,69.71111111111111,69.58397818935687,92.65,Muy alto,5.11,45.18404388498379,27.937473275783987,17.50505284570626,32.91879887053669,22.79493040587362,True
Giovane,Giovane,Hellas Verona,Serie A,2025-2026,MID,21.869952087611225,1533,4000000.0,4000000.0,11548591.04447896,7548591.04447896,1.88714776111974,188.714776111974,13.738325521616968,7548591.04447896,27.27444007344736,17.597550431078307,86.22500000000001,65.03543082519917,58.82,Alto,26.78,37.37461011596762,37.436488694031745,34.89895833854777,32.771696880875055,15.9129600503164,True
Bazoumana Touré,Bazoumana Touré,Hoffenheim,Bundesliga,2025-2026,MID,19.61943874058864,2308,15000000.0,15000000.0,27983818.769472145,12983818.769472145,0.8655879179648096,86.55879179648096,6.142214342292145,12983818.769472145,47.441285528025304,21.195219815806684,89.75000000000001,61.66917121902289,52.94,Alto,29.02,40.02493064561316,39.214566905207874,37.66797597010655,32.609926895568584,16.608845256279647,True
Igor Matanovic,Igor Matanovic,Freiburg,Bundesliga,2025-2026,ATT,22.54072553045859,1571,7000000.0,7000000.0,16262786.193198588,9262786.193198588,1.323255170456941,132.3255170456941,9.54533492926603,9262786.193198588,33.634782342870736,18.36787284675358,86.63055555555556,62.39993472474127,54.41,Alto,28.45,37.451605311464604,37.93147160614774,35.960549290929634,32.10453206447507,15.563757445355197,True
Víctor Muñoz,Víctor Muñoz,Osasuna,LaLiga,2025-2026,MID,22.223134839151268,2656,5000000.0,5000000.0,5618655.733886648,618655.733886648,0.1237311467773295,12.373114677732959,0.6259183065440057,618655.733886648,1.5616380548138031,44.11007196888239,86.41666666666667,62.053019558022974,34.56,Moderado,40.61,28.205751499265116,41.15154178642087,42.57632269154315,31.84302740353197,19.805514192043507,True
Pau Navarro,Pau Navarro,Villarreal,LaLiga,2025-2026,DEF,20.63244353182752,1921,5000000.0,5000000.0,9815859.972098531,4815859.972098531,0.9631719944197062,96.31719944197063,6.86782968342954,4815859.972098531,17.13492651595639,21.195218730965813,89.75000000000001,62.39809923222038,50.0,Moderado,31.2,33.142091864633514,38.58764281260245,38.5390305495947,31.8410186725104,14.675255192768859,True
Martim Neto,Martim Neto,Elche,LaLiga,2025-2026,MID,22.715947980835043,1347,5000000.0,5000000.0,17914428.364379987,12914428.364379987,2.582885672875997,258.28856728759973,18.91169110052442,12914428.364379987,47.18381966894286,17.74971194586297,80.94166666666668,65.9908266735648,72.79,Alto,17.96,42.428378803798886,34.05551003566268,28.204626176961963,31.769930923124043,17.623768940219605,True
Rémy Labeau Lascary,Rémy Labeau Lascary,Brest,Ligue 1,2025-2026,MID,22.78713210130048,1200,1800000.0,1800000.0,7762150.654810938,5962150.654810938,3.31230591933941,331.230591933941,24.335511668367825,5962150.654810938,21.388118509731175,5.882768214708451,80.91666666666667,63.96181452653225,72.79,Alto,17.4,37.46948828333465,32.23823497614011,27.335754982674818,31.002518762466906,13.684029280671616,True
Pedro Santos,Pedro Santos,Arouca,Liga Portugal,2025-2026,MID,22.85284052019165,770,600000.0,600000.0,3895575.578290649,3295575.578290649,5.0,549.2625963817749,40.54792797989673,3295575.578290649,11.494069873290377,0.9731737959195644,73.47222222222223,64.68309842451917,86.76,Muy alto,8.56,38.6731341684125,27.517736560340296,19.503331602766682,30.851631998771555,15.288531092694425,True
Ernest Poku,Ernest Poku,Leverkusen,Bundesliga,2025-2026,MID,21.711156741957563,1482,10000000.0,10000000.0,24722541.58015796,14722541.580157962,1.4722541580157962,147.22541580157963,10.653261090114787,14722541.580157962,53.892635128376085,21.78454221196332,83.56666666666669,63.36192645300752,66.18,Alto,21.43,41.61285212090237,35.421598320827094,30.922118204141615,30.841443184150805,17.145176178433516,True
Dies Janse,Dies Janse,Groningen,Eredivisie,2025-2026,DEF,19.707049965776864,2725,2000000.0,2000000.0,4275599.994091431,2275599.9940914307,1.137799997045715,113.77999970457154,8.166327986645845,2275599.9940914307,7.709556874984627,26.16342085639053,88.08333333333334,64.87946617711064,56.62,Alto,28.14,30.90783058282767,36.695350881129045,35.99289762237106,30.712563096169276,15.046348957568306,True
Carlos Espí,Carlos Espí,Levante,LaLiga,2025-2026,ATT,20.386036960985628,1343,2000000.0,2000000.0,6937596.868733299,4937596.868733299,2.4687984343666494,246.87984343666494,18.063361603563443,4937596.868733299,17.58661857096709,8.194605026608228,82.53055555555557,62.42859226767608,67.65,Alto,20.2,34.69260521307975,32.83345309013849,29.284776170514277,29.863984637618785,12.35163373345124,True
Afonso Moreira,Afonso Moreira,Lyon,Ligue 1,2025-2026,MID,20.7419575633128,1722,5000000.0,5000000.0,5197773.922150364,197773.9221503641,0.0395547844300728,3.955478443007282,0.0,197773.9221503641,0.0,74.96512438919152,84.90000000000002,72.44779361666221,60.29,Alto,28.77,26.950558723332446,36.564198404165566,35.25860832437384,29.14897776583178,25.89323286992381,True
Miguel Román,Miguel Román,Celta Vigo,LaLiga,2025-2026,MID,22.76796714579056,1311,800000.0,800000.0,3028281.9394874545,2228281.9394874545,2.785352424359318,278.5352424359318,20.41719267704908,2228281.9394874545,7.533988169735784,25.058335885632385,76.90833333333336,67.97887721119984,76.47,Muy alto,16.0,32.66912325497443,30.45230625598358,25.185768672902537,28.886632512513383,16.408992074193037,True
Jesus Vazquez,Jesús Vázquez,Valencia,LaLiga,2025-2026,DEF,22.94318959616701,974,3000000.0,3000000.0,12122478.325454349,9122478.325454349,3.040826108484783,304.0826108484783,22.316843021580514,9122478.325454349,33.1141846369369,5.139915299934949,78.6888888888889,61.81606023506955,82.35,Muy alto,10.91,38.0865421526902,28.726180918519795,22.380868387754973,27.863155546342853,12.216475098817181,True
Alejandro Rego,Alejandro Rego,Athletic Club,LaLiga,2025-2026,MID,22.310746064339494,1279,2000000.0,2000000.0,3243624.709668504,1243624.709668504,0.621812354834252,62.1812354834252,4.329548845747763,1243624.709668504,3.880520240842976,51.9926600814203,81.53611111111113,68.37493527135494,70.59,Alto,20.11,27.25507032160456,31.693171301338797,28.958918768494577,26.30457459762384,19.160459848424622,True
Robinio Vaz,Robinio Vaz,Marseille,Ligue 1,2025-2026,ATT,18.64476386036961,379,4000000.0,4000000.0,12071851.763633331,8071851.763633331,2.017962940908333,201.79629409083327,14.71104058699059,8071851.763633331,29.215944383765972,96.29257736924694,58.786111111111126,85.24433679207804,100.0,Muy alto,0.0,35.38032877091492,24.711866217811007,13.801972801757259,26.178508014416927,34.94864842734195,True
Alpha Touré,Alpha Touré,Metz,Ligue 1,2025-2026,MID,19.707049965776864,1606,1000000.0,1000000.0,2483660.405679344,1483660.4056793442,1.483660405679344,148.36604056793442,10.738075627385202,1483660.4056793442,4.771147649658443,29.0931624903974,82.64444444444446,65.92014083839656,77.94,Muy alto,14.54,28.60558599412319,29.30009133287678,26.052606556454073,25.883720542193473,13.630422751908636,True
Oumar Ngom,Oumar Ngom,Estrela,Liga Portugal,2025-2026,MID,21.77686516084873,832,600000.0,600000.0,2539299.9734351537,1939299.9734351533,3.2321666223919228,323.2166622391922,23.739612158882387,1939299.9734351533,6.461750732150929,7.430932594939907,74.26111111111113,61.54236717512378,83.82,Muy alto,9.96,31.276886484782437,25.872861722887038,19.622077754635416,25.405020872175893,10.72909308787642,True
Raul Paula,Raul Paula,NAC Breda,Eredivisie,2025-2026,MID,21.85352498288844,713,500000.0,500000.0,2409117.3654917115,1909117.3654917115,3.818234730983423,381.8234730983423,28.09749539141905,1909117.3654917115,6.349761314115594,4.768639057565975,71.1138888888889,61.04411572176125,91.18,Muy alto,5.38,31.623775748766704,23.277850414877257,15.564146859182674,24.269761065337196,10.4052870771929,True
Martial Godo,Martial Godo,Strasbourg,Ligue 1,2025-2026,MID,22.576317590691307,1584,4000000.0,4000000.0,4630632.380513379,630632.3805133794,0.1576580951283448,15.765809512834483,0.8781921927743183,630632.3805133794,1.6060761526831409,51.992677371027774,82.21666666666667,63.83707611764202,69.12,Alto,19.71,24.78596819583687,30.297407272487625,28.381600374983638,24.031753322806683,17.580440128044813,True
Abdelhamid Ait Boudlal,Abdelhamid Ait Boudlal,Rennes,Ligue 1,2025-2026,DEF,19.485284052019164,1403,1500000.0,1500000.0,2665047.6623999565,1165047.6623999565,0.776698441599971,77.6698441599971,5.481250278695063,1165047.6623999565,3.588968304342679,32.62978362151947,78.69722222222224,60.88516147857042,79.41,Muy alto,12.54,24.92143419156525,26.032974176938733,22.406303617726554,21.51474038053479,11.940749623177442,True
Amorim,Amorim,Genoa,Serie A,2025-2026,MID,20.36960985626284,552,1000000.0,1000000.0,1894929.134960092,894929.1349600919,0.8949291349600919,89.49291349600918,6.360389663029626,894929.1349600919,2.586721687839641,94.5920045757689,62.15000000000002,79.31674505469263,98.53,Muy alto,1.17,25.098165814958808,21.95839046467823,13.546446627108097,20.958142902753416,28.899056823723654,True
Renato Nhaga,Renato Nhaga,Casa Pia,Liga Portugal,2025-2026,MID,18.51334702258727,1166,1000000.0,1000000.0,1675405.8627343855,675405.8627343855,0.6754058627343855,67.54058627343855,4.728059268046827,675405.8627343855,1.77220348756228,65.68428401476798,74.08888888888889,71.13683781767446,94.12,Muy alto,4.18,24.32212806813074,23.263232913900914,17.73828690312123,20.65652854927772,19.98804484528786,True
Kacper Potulski,Kacper Potulski,Mainz 05,Bundesliga,2025-2026,DEF,18.168377823408623,1065,2500000.0,2500000.0,3489227.768764943,989227.7687649428,0.3956911075059771,39.56911075059771,2.6481572501183694,989227.7687649428,2.9366069310605503,74.96509631903821,72.12500000000001,71.36146301144784,95.59,Muy alto,3.15,23.586799372596136,22.3737424454386,16.43247821364922,19.53552019660706,21.847947988649704,True
