player_name_fbref,player_id_tm,club_actual,current_club_name_tm,league,season,position_group,age,minutes_played,market_value_eur,log_market_value_eur,model,feature_set,predicted_log_market_value_ml,predicted_market_value_ml_eur,residual_log_observed_minus_predicted,inefficiency_score_ml,market_value_growth_prev,delta_log_market_value_prev,growth_index,breakout_indicator,career_year,matching_confidence,matching_method,goals_per90,assists_per90,predicted_market_value_eur,residual_observed_minus_predicted_log,inefficiency_score_log,market_value_gap_eur,market_value_gap_pct,inefficiency_score_log_winsorized,market_value_gap_pct_winsorized,inefficiency_score_z,market_value_gap_pct_z,is_undervalued,is_overvalued,inefficiency_rank,market_value_growth_prev_growth_component_z,delta_log_market_value_prev_growth_component_z,growth_index_growth_component_z,breakout_indicator_growth_component_z,career_year_growth_component_z,growth_score_raw,growth_score_z,growth_score,growth_rank,high_growth_flag,matching_confidence_component,minutes_reliability_component,feature_completeness_component,temporal_stability_component,confidence_score_raw,confidence_score,confidence_score_z,confidence_rank,low_confidence_flag,opportunity_score_raw,opportunity_score,opportunity_rank,opportunity_tier,is_scouting_target,is_high_priority_or_target,position,club_anterior,expected_roi,expected_upside,player_level_tier,player_level_rank,portfolio_value_score,is_eligible_portfolio,portfolio_cost,upside_score_norm,dss_entity,dss_universe,dss_model,dss_feature_set,name_key,contract_expiration_date,current_club_name,market_value_in_eur,contract_months_remaining,contract_years_remaining,contract_expiring_12m,contract_critical_zone,free_agent_horizon,negotiation_leverage_score,contract_opportunity_score,contract_status,recruitment_contract_score
Christantus Uche,1124005.0,Getafe,Crystal Palace Football Club,LaLiga,2024-2025,MID,21.399041752224505,2486,5000000.0,15.424948470398377,XGBoost,B_v13B_advanced,16.360801696777344,12746938.0,-0.9358532263789688,0.9358532263789688,11.5,2.5257263443113604,2.943530273729319,1,1,0.85,exact_age_validated,0.14,0.22,12746938.67448712,-0.935853226378967,0.935853226378967,7746938.674487121,1.5493877348974243,0.935853226378967,1.5493877348974243,1.099649096418522,0.9523907725114636,True,False,862,6.6290096924450985,4.102819913318239,4.305620378843948,1.5997564550586283,0.889997660433723,4.500429504967537,4.994883102669253,100.0,12,True,0.85,1.0,1.0,0.1666666666666666,0.8641666666666667,86.41666666666667,0.5171163716344821,2408,False,1.9569510530243968,95.64731807201674,12,target_scouting,True,True,MID,,2.0426898421241058,10213449.210620528,Rotation Profile,2,81.1848894380334,True,5000000.0,84.29604197993481,player,global_prospect_universe,XGBoost,B_v13B_advanced,christantus uche,2026-06-30,Crystal Palace Football Club,15000000.0,12.0,1.0,1,0,1,80.0,76.0,Negotiable Target,89.75
Mario Martín,948273.0,Valladolid,Getafe Club de Fútbol S. A. D. Team Dubai,LaLiga,2024-2025,MID,20.602327173169066,1748,500000.0,13.122363377404328,XGBoost,B_v13B_advanced,16.239089965820312,11286185.0,-3.1167265884159843,3.1167265884159843,0.6666666666666666,0.5108242904362132,0.4347828594471473,1,1,0.85,exact_age_validated,0.0,0.05,11286184.959971976,-3.1167265884159843,3.1167265884159843,10786184.959971976,5.0,2.200072275181844,5.0,2.426072388659802,3.671193149444084,True,False,62,-0.0105045590727483,0.3407320564113786,0.6118180648715196,1.5997564550586283,0.889997660433723,0.456498293947018,0.5066528899778312,27.245378786946315,1268,False,0.85,0.9711111111111111,1.0,0.3333333333333333,0.8707222222222224,87.07222222222224,0.5772595207385565,2283,False,1.5764549404050603,86.14105064831918,54,target_scouting,True,True,MID,,23.99155645515396,11995778.22757698,Key Player Profile,4,93.09345009374296,True,500000.0,85.21007689790132,player,global_prospect_universe,XGBoost,B_v13B_advanced,mario martin,2026-06-30,Getafe Club de Fútbol S. A. D. Team Dubai,300000.0,12.0,1.0,1,0,1,80.0,76.0,Negotiable Target,83.1
Saba Goglichidze,906160.0,Empoli,Watford FC,Serie A,2024-2025,DEF,20.314852840520192,2539,5000000.0,15.424948470398377,XGBoost,B_v13B_advanced,15.67213249206543,6402073.5,-0.2471840216670546,0.2471840216670546,15.666666666666666,2.813407583432239,3.618249603284403,1,1,0.85,exact_age_validated,0.0,0.04,6402073.575750192,-0.2471840216670529,0.2471840216670529,1402073.5757501917,0.2804147151500383,0.2471840216670529,0.2804147151500383,0.377094824954136,-0.0474569638583014,True,False,2291,6.6290096924450985,4.102819913318239,4.305620378843948,1.5997564550586283,0.889997660433723,4.500429504967537,4.994883102669253,100.0,23,True,0.85,1.0,1.0,0.1666666666666666,0.8641666666666667,86.41666666666667,0.5171163716344821,2410,False,1.5595462037189844,85.71860487974563,62,target_scouting,True,True,DEF,,1.227319343793794,6136596.718968971,Rotation Profile,2,76.7862225466915,True,5000000.0,82.20530256127714,player,global_prospect_universe,XGBoost,B_v13B_advanced,saba goglichidze,2026-06-30,Watford FC,4500000.0,12.0,1.0,1,0,1,80.0,76.0,Negotiable Target,82.8
Luca Marianucci,814446.0,Empoli,Torino Calcio,Serie A,2024-2025,DEF,20.40520191649555,1069,800000.0,13.592367006650065,XGBoost,B_v13B_advanced,15.343269348144531,4607838.0,-1.7509023414944664,1.7509023414944664,3.571428571428572,1.519821289474244,1.3865985426124032,1,1,0.85,exact_age_validated,0.0,0.0,4607838.108996854,-1.7509023414944664,1.7509023414944664,3807838.108996854,4.759797636246068,1.7509023414944664,4.759797636246068,1.9548016363470784,3.481933184155109,True,False,141,1.855902672920748,2.2636216412019268,2.2934679701740706,1.5997564550586283,0.889997660433723,2.013699815307869,2.2349411695544434,55.26108947219535,291,True,0.85,0.5938888888888889,1.0,0.1666666666666666,0.7220277777777779,72.2027777777778,-0.7869196197449394,4518,False,1.4764922684305162,83.64359571865985,77,target_scouting,True,True,DEF,,7.228620136030604,5782896.108824483,Key Player Profile,4,91.19782594299592,True,800000.0,82.02391365658984,player,global_prospect_universe,XGBoost,B_v13B_advanced,luca marianucci,2026-06-30,Torino Calcio,175000.0,12.0,1.0,1,0,1,80.0,76.0,Negotiable Target,81.35
Rabby Nzingoula,1068110.0,Montpellier,Montpellier HSC,Ligue 1,2024-2025,MID,18.86652977412731,1689,1500000.0,14.22097566607244,XGBoost,B_v13B_advanced,15.22694969177246,4101854.0,-1.0059740257000218,1.0059740257000218,4.0,1.609435245772767,1.4917434094812114,1,1,1.0,exact_age_club_validated,0.05,0.0,4101854.275584607,-1.00597402570002,1.00597402570002,2601854.275584607,1.7345695170564046,1.00597402570002,1.7345695170564046,1.173220097882307,1.0982989855524576,True,False,731,2.13127423173946,2.434402865905857,2.479235927710742,1.5997564550586283,0.889997660433723,2.1939876397488294,2.4350368730696683,58.50465908109023,222,True,1.0,0.9383333333333334,1.0,0.1666666666666666,0.8950833333333335,89.50833333333334,0.8007575790617439,1824,False,1.414181787915035,82.08683844457998,102,target_scouting,True,True,MID,,2.98971299169918,4484569.48754877,First Team Ready,3,84.67764374817901,True,1500000.0,81.35809053668243,player,global_prospect_universe,XGBoost,B_v13B_advanced,rabby nzingoula,2026-06-30,Montpellier HSC,2000000.0,12.0,1.0,1,0,1,80.0,76.0,Negotiable Target,80.26
Carlos Romero,709372.0,Espanyol,Reial Club Deportiu Espanyol de Barcelona S.A.D.,LaLiga,2024-2025,DEF,22.951403148528406,2554,2500000.0,14.73180128983843,XGBoost,B_v13B_advanced,16.425495147705078,13598841.0,-1.6936938578666485,1.6936938578666485,0.6666666666666666,0.510825357099467,0.4347834946618245,1,2,0.85,exact_age_validated,0.07,0.04,13598841.288547195,-1.6936938578666485,1.6936938578666485,11098841.288547195,4.439536515418879,1.6936938578666485,4.439536515418879,1.8947782841680416,3.2295934167028,True,False,165,-0.0105045590727483,0.3407340891980598,0.6118191871567694,1.5997564550586283,-0.0011483840779789,0.4119418821287496,0.4572011502581026,26.44376157456231,1331,False,0.85,1.0,1.0,0.5,0.8975000000000001,89.75000000000001,0.8229289941975683,1751,False,1.321014142696462,79.75914961594273,127,high_priority,False,True,DEF,,5.802495937780051,14506239.844450127,Key Player Profile,4,91.23442235425598,True,2500000.0,86.49752133504295,player,global_prospect_universe,XGBoost,B_v13B_advanced,carlos romero,2026-06-30,Reial Club Deportiu Espanyol de Barcelona S.A.D.,1500000.0,12.0,1.0,1,0,1,80.0,76.0,Negotiable Target,78.63
Javi Rodríguez,1076815.0,Celta Vigo,Real Club Celta de Vigo S. A. D.,LaLiga,2024-2025,DEF,21.29226557152635,2514,3000000.0,14.914122846632385,XGBoost,B_v13B_advanced,16.0855655670166,9679933.0,-1.171442720384217,1.171442720384217,11.0,2.48490298312928,2.8588112452295302,1,1,0.85,exact_age_validated,0.11,0.07,9679933.283383902,-1.171442720384217,1.171442720384217,6679933.283383902,2.2266444277946342,1.171442720384217,2.2266444277946342,1.346830463090546,1.4860140732411742,True,False,536,6.6290096924450985,4.102819913318239,4.305620378843948,1.5997564550586283,0.889997660433723,4.500429504967537,4.994883102669253,100.0,3,True,0.85,1.0,1.0,0.1666666666666666,0.8641666666666667,86.41666666666667,0.5171163716344821,2407,False,2.0929008046940103,99.04386971261016,3,target_scouting,True,True,DEF,,2.4478858025645875,7343657.407693762,First Team Ready,3,82.15384222082675,True,3000000.0,82.82432161281184,player,global_prospect_universe,XGBoost,B_v13B_advanced,javi rodriguez,2028-06-30,Real Club Celta de Vigo S. A. D.,15000000.0,36.0,3.0,0,0,0,40.0,28.0,Protected Asset,77.73
Yassin Belkhdim,807688.0,Angers,Angers Sporting Club de l'Ouest,Ligue 1,2024-2025,MID,22.64476386036961,1523,500000.0,13.122363377404328,XGBoost,B_v13B_advanced,15.459339141845703,5174944.5,-2.336975764441375,2.336975764441375,4.0,1.6094299124820992,1.4917402334230712,1,1,0.85,exact_age_validated,0.06,0.06,5174944.341777041,-2.336975764441375,2.336975764441375,4674944.341777041,5.0,2.200072275181844,5.0,2.426072388659802,3.671193149444084,True,False,61,2.13127423173946,2.43439270202124,2.4792303163114284,1.5997564550586283,0.889997660433723,2.193983187733616,2.4350319319200424,58.504578984604,225,True,0.85,0.8461111111111111,1.0,0.1666666666666666,0.8103055555555556,81.03055555555557,0.0229741423429639,3293,False,1.9476926252114943,95.41600666621405,17,target_scouting,True,True,MID,,12.139411623011132,6069705.811505566,Key Player Profile,4,93.15065523909811,True,500000.0,82.17099877980112,player,global_prospect_universe,XGBoost,B_v13B_advanced,yassin belkhdim,2028-06-30,Angers Sporting Club de l'Ouest,100000.0,36.0,3.0,0,0,0,40.0,28.0,Protected Asset,75.19
Jamie Lawrence,522248.0,WSG Tirol,Wattener Sportgemeinschaft Swarovski Tirol,Austrian Bundesliga,2024-2025,DEF,22.102669404517453,2510,500000.0,13.122363377404328,XGBoost,B_v13B_advanced,14.826376914978027,2747980.75,-1.704013537573699,1.704013537573699,0.0,0.0,-0.283298444277076,0,1,0.85,exact_age_validated,0.11,0.04,2747980.716399891,-1.704013537573699,1.704013537573699,2247980.716399891,4.495961432799782,1.704013537573699,4.495961432799782,1.905605730206656,3.2740516715594543,True,False,161,-0.43886031723519,-0.6327680716110969,-0.6568743697725876,-0.6249944573526541,0.889997660433723,-0.5037066718106122,-0.559047962189276,9.970270748459184,3806,False,0.85,1.0,1.0,0.6666666666666666,0.9141666666666668,91.41666666666669,0.97583530547911,1351,False,1.1034882221621638,74.3245091462941,245,high_priority,False,True,DEF,,5.894861258605598,2947430.629302799,Key Player Profile,4,89.56182511915425,True,500000.0,80.56979691814549,player,global_prospect_universe,XGBoost,B_v13B_advanced,jamie lawrence,2026-06-30,Wattener Sportgemeinschaft Swarovski Tirol,800000.0,12.0,1.0,1,0,1,80.0,76.0,Negotiable Target,74.83
Hugo Rincón,834487.0,CD Mirandés,Girona Fútbol Club S. A. D.,Spanish Segunda División,2024-2025,DEF,21.71389459274469,3287,500000.0,13.122363377404328,XGBoost,B_v13B_advanced,14.084515571594238,1308661.75,-0.96215219418991,0.96215219418991,1.0,0.6931451805659457,0.5836298572389736,1,1,0.85,exact_age_validated,0.05,0.11,1308661.702175542,-0.96215219418991,0.96215219418991,808661.702175542,1.617323404351084,0.96215219418991,1.617323404351084,1.1272420705153534,1.0059185656677971,True,False,813,0.2036733200084725,0.688188927992213,0.8747981188550752,1.5997564550586283,0.889997660433723,0.6907337326415235,0.7666233291303816,31.459523322948844,1022,True,0.85,1.0,1.0,0.1666666666666666,0.8641666666666667,86.41666666666667,0.5171163716344821,2702,False,0.9150622453929363,69.6168980424411,432,high_priority,False,True,DEF,,3.1581701453526283,1579085.072676314,First Team Ready,3,83.65044670238693,True,500000.0,79.86806586473053,player,global_prospect_universe,XGBoost,B_v13B_advanced,hugo rincon,2026-06-30,Girona Fútbol Club S. A. D.,250000.0,12.0,1.0,1,0,1,80.0,76.0,Negotiable Target,71.53
Junior Kadile,585958.0,Almere City,Servette Football Club 1890 SA,Eredivisie,2024-2025,MID,22.0041067761807,2207,500000.0,13.122363377404328,XGBoost,B_v13B_advanced,14.563175201416016,2112061.75,-1.4408118240116874,1.4408118240116874,-0.1666666666666666,-0.1823212234612334,-0.4120096147715289,0,2,0.85,exact_age_validated,0.2,0.08,2112061.8352127075,-1.4408118240116874,1.4408118240116874,1612061.8352127075,3.224123670425416,1.4408118240116874,3.224123670425416,1.6294535208588703,2.271946750532257,True,False,279,-0.5459492567758004,-0.9802255784363096,-0.8842788258050666,-0.6249944573526541,-0.0011483840779789,-0.741479021954064,-0.8229439064991628,5.692493415728825,5616,False,0.85,1.0,1.0,0.75,0.9225,92.25,1.052288461119881,1021,False,0.9009211520715644,69.26359873052166,469,high_priority,False,True,MID,,4.537532038724475,2268766.0193622373,First Team Ready,3,87.01620518863933,True,500000.0,80.22175615509207,player,global_prospect_universe,XGBoost,B_v13B_advanced,junior kadile,2026-06-30,Servette Football Club 1890 SA,600000.0,12.0,1.0,1,0,1,80.0,76.0,Negotiable Target,71.28
James Abankwah,648032.0,Watford,Watford FC,Championship,2024-2025,DEF,20.75564681724846,1384,800000.0,13.592367006650065,XGBoost,B_v13B_advanced,14.383293151855469,1764350.5,-0.7909261452054039,0.7909261452054039,1.6666666666666667,0.9808271696831684,0.8354930915970429,1,1,1.0,exact_age_club_validated,0.0,0.0,1764350.4292476673,-0.7909261452054039,0.7909261452054039,964350.4292476672,1.205438036559584,0.7909261452054039,1.205438036559584,0.9475910679248136,0.6813863287947542,True,False,1137,0.6320290781709142,1.236437040853533,1.3197853067094958,1.5997564550586283,0.889997660433723,1.0949616909122568,1.2152630414432493,38.73201398934956,569,True,1.0,0.7688888888888888,1.0,0.1666666666666666,0.835777777777778,83.5777777777778,0.2566659547515891,3046,False,0.8763240386697777,68.64906751694701,510,high_priority,False,True,DEF,,1.350360723048455,1080288.578438764,Rotation Profile,2,79.15763604666311,True,800000.0,79.61226718314315,player,global_prospect_universe,XGBoost,B_v13B_advanced,james abankwah,2026-06-30,Watford FC,1500000.0,12.0,1.0,1,0,1,80.0,76.0,Negotiable Target,70.85
Óscar Aranda,652332.0,Famalicão,Futebol Clube de Famalicão,Liga Portugal,2024-2025,MID,22.444900752908968,2599,1500000.0,14.22097566607244,XGBoost,B_v13B_advanced,14.766183853149414,2587451.25,-0.5452081870769749,0.5452081870769749,2.0,1.0986109553365535,0.9459072326782886,1,2,0.85,exact_age_validated,0.31,0.1,2587451.191396425,-0.5452081870769749,0.5452081870769749,1087451.1913964257,0.7249674609309503,0.5452081870769749,0.7249674609309503,0.6897828793105507,0.3028145152425638,True,False,1637,0.846206957252135,1.4609027378833812,1.5148629180342732,1.5997564550586283,-0.0011483840779789,1.230766864351187,1.3659888700150435,41.17529342135282,503,True,0.85,1.0,1.0,0.3333333333333333,0.8808333333333334,88.08333333333334,0.6700226829160252,2109,False,0.8548823377077688,68.1133707342371,550,high_priority,False,True,MID,,1.3650641125062346,2047596.168759352,Rotation Profile,2,77.77617214083973,True,1500000.0,80.10833323242784,player,global_prospect_universe,XGBoost,B_v13B_advanced,oscar aranda,2026-06-30,Futebol Clube de Famalicão,4000000.0,12.0,1.0,1,0,1,80.0,76.0,Negotiable Target,70.48
Abu Kamara,696764.0,Hull City,Getafe Club de Fútbol S. A. D. Team Dubai,Championship,2024-2025,MID,21.180013689253936,2256,4000000.0,15.201804919084164,XGBoost,B_v13B_advanced,14.962465286254885,3148589.75,0.2393396328292816,-0.2393396328292816,5.666666666666667,1.897118568220572,1.8644235926675543,1,1,0.85,exact_age_validated,0.2,0.12,3148589.9833502537,0.2393396328292798,-0.2393396328292798,-851410.0166497463,-0.2128525041624366,-0.2393396328292798,-0.2128525041624366,-0.1333675891040696,-0.4361114939232243,False,True,3445,3.202163627145565,2.982653519753416,3.1376802104097896,1.5997564550586283,0.889997660433723,2.8443407251996904,3.156843010395388,70.20520241817076,108,True,0.85,1.0,1.0,0.1666666666666666,0.8641666666666667,86.41666666666667,0.5171163716344821,2421,False,0.8192818529185052,67.22393266221506,609,high_priority,False,True,MID,,-0.0486509204133967,-194603.68165358715,Development Prospect,1,66.93336308724714,True,4000000.0,78.9584619478115,player,global_prospect_universe,XGBoost,B_v13B_advanced,abu kamara,2026-06-30,Getafe Club de Fútbol S. A. D. Team Dubai,,12.0,1.0,1,0,1,80.0,76.0,Negotiable Target,69.86
Myles Peart-Harris,587002.0,Swansea City,Brentford Football Club,Championship,2024-2025,MID,22.28336755646817,1665,700000.0,13.458835614025542,XGBoost,B_v13B_advanced,14.713467597961426,2454583.25,-1.2546319839358837,1.2546319839358837,0.0,0.0,-0.283298444277076,0,1,0.85,exact_age_validated,0.16,0.22,2454583.369689398,-1.2546319839358837,1.2546319839358837,1754583.369689398,2.506547670984854,1.2546319839358837,2.506547670984854,1.4341129454608417,1.7065551089851876,True,False,427,-0.43886031723519,-0.6327680716110969,-0.6568743697725876,-0.6249944573526541,0.889997660433723,-0.5037066718106122,-0.559047962189276,9.970270748459184,3847,False,0.85,0.925,1.0,0.6666666666666666,0.8879166666666668,88.79166666666669,0.7350078652106817,2016,False,0.7960017024982804,66.64230428752529,649,high_priority,False,True,MID,,2.6992682152791043,1889487.750695373,First Team Ready,3,82.62759299223003,True,700000.0,80.02725021489289,player,global_prospect_universe,XGBoost,B_v13B_advanced,myles peart harris,2026-06-30,Brentford Football Club,900000.0,12.0,1.0,1,0,1,80.0,76.0,Negotiable Target,69.45
Marwan Al Sahafi,1057857.0,Beerschot Wilrijk,Royal Antwerp Football Club,Belgian Pro League,2024-2025,MID,20.815879534565365,1835,1200000.0,13.997832114758229,XGBoost,B_v13B_advanced,14.68443489074707,2384344.5,-0.6866027759888418,0.6866027759888418,1.181818181818182,0.7801575727023966,0.6574136734355421,1,1,0.85,exact_age_validated,0.29,0.05,2384344.7121732472,-0.6866027759888418,0.6866027759888418,1184344.7121732472,0.9869539268110392,0.6866027759888418,0.9869539268110392,0.8381346038848452,0.5092385847802023,True,False,1351,0.3204976176891386,0.8540122384147508,1.0051579665802124,1.5997564550586283,0.889997660433723,0.808117977003769,0.8969043563162097,33.57139065928776,778,True,0.85,1.0,1.0,0.1666666666666666,0.8641666666666667,86.41666666666667,0.5171163716344821,2608,False,0.7886233955426137,66.45796558673844,659,high_priority,False,True,MID,,0.98963090850154,1187557.0902018482,Rotation Profile,2,75.10682650030448,True,1200000.0,79.66727788229969,player,global_prospect_universe,XGBoost,B_v13B_advanced,marwan al sahafi,2026-06-30,Royal Antwerp Football Club,1000000.0,12.0,1.0,1,0,1,80.0,76.0,Negotiable Target,69.32
Bilal Nadir,659520.0,Marseille,Olympique de Marseille,Ligue 1,2024-2025,MID,21.03490759753593,383,500000.0,13.122363377404328,XGBoost,B_v13B_advanced,15.134343147277832,3739053.75,-2.011979769873504,2.011979769873504,0.0,0.0,-0.283298444277076,0,1,0.85,exact_age_validated,0.23,0.0,3739053.817005477,-2.011979769873504,2.011979769873504,3239053.817005477,5.0,2.011979769873504,5.0,2.228725037840142,3.671193149444084,True,False,87,-0.43886031723519,-0.6327680716110969,-0.6568743697725876,-0.6249944573526541,0.889997660433723,-0.5037066718106122,-0.559047962189276,9.970270748459184,3795,False,0.85,0.2127777777777778,1.0,0.6666666666666666,0.638638888888889,63.863888888888894,-1.5519608638569258,5747,True,0.7756446074933738,66.13370516477981,684,high_priority,False,True,MID,,8.045802066287292,4022901.033143646,Key Player Profile,4,92.244296112246,True,500000.0,81.12133229292645,player,global_prospect_universe,XGBoost,B_v13B_advanced,bilal nadir,2026-06-30,Olympique de Marseille,9000000.0,12.0,1.0,1,0,1,80.0,76.0,Negotiable Target,69.09
Léandre Kuavita,723485.0,Standard Liège,Royal Standard Club de Liège,Belgian Pro League,2024-2025,MID,20.33949349760438,2457,900000.0,13.710150042306449,XGBoost,B_v13B_advanced,14.348341941833496,1703749.375,-0.6381918995270475,0.6381918995270475,1.25,0.8109288273299473,0.6839759027086636,1,1,0.85,exact_age_validated,0.04,0.04,1703749.454528538,-0.6381918995270475,0.6381918995270475,803749.454528538,0.8930549494761534,0.6381918995270475,0.8930549494761534,0.787341733616402,0.435253812468486,True,False,1443,0.3643067293193882,0.912654360334506,1.0520876097157668,1.5997564550586283,0.889997660433723,0.850585757852659,0.9440379911694706,34.33543118030351,742,True,0.85,1.0,1.0,0.1666666666666666,0.8641666666666667,86.41666666666667,0.5171163716344821,2589,False,0.7724707256082852,66.05440929559687,691,high_priority,False,True,MID,,1.252634974602301,1127371.4771420711,Rotation Profile,2,76.27857284606552,True,900000.0,79.63641278872129,player,global_prospect_universe,XGBoost,B_v13B_advanced,leandre kuavita,2026-06-30,Royal Standard Club de Liège,400000.0,12.0,1.0,1,0,1,80.0,76.0,Negotiable Target,69.04
Emilio Kehrer,527279.0,Willem II,Willem II Tilburg,Eredivisie,2024-2025,MID,22.746064339493497,979,500000.0,13.122363377404328,XGBoost,B_v13B_advanced,14.65137004852295,2306795.75,-1.529006671118621,1.529006671118621,0.25,0.2231430513153345,-0.1202092229074272,0,1,0.85,exact_age_validated,0.09,0.28,2306795.8657557173,-1.529006671118621,1.529006671118621,1806795.8657557173,3.6135917315114345,1.529006671118621,3.6135917315114345,1.7219878799709805,2.57881596934567,True,False,226,-0.2782269079242744,-0.2075146271492003,-0.3687314251637211,-0.6249944573526541,0.889997660433723,-0.2559048795265519,-0.2840206600785329,14.428488406665322,2869,False,0.85,0.5438888888888889,1.0,0.5416666666666666,0.7420277777777778,74.20277777777778,-0.6034320462070896,4317,False,0.7554017597229881,65.62796038069312,726,high_priority,False,True,MID,,7.659386438349955,3829693.2191749774,Key Player Profile,4,92.4468237717094,True,500000.0,81.02224919058607,player,global_prospect_universe,XGBoost,B_v13B_advanced,emilio kehrer,2026-06-30,Willem II Tilburg,400000.0,12.0,1.0,1,0,1,80.0,76.0,Negotiable Target,68.74
Alexander Briedl,531634.0,Blau-Weiß Linz,Fußballclub Blau-Weiß Linz,Austrian Bundesliga,2024-2025,MID,22.472279260780287,2009,700000.0,13.458835614025542,XGBoost,B_v13B_advanced,14.23680019378662,1523925.5,-0.777964579761079,0.777964579761079,0.4,0.3364716651936223,0.2987354985416992,1,1,0.85,exact_age_validated,0.04,0.04,1523925.5979384482,-0.7779645797610772,0.7779645797610772,823925.5979384482,1.1770365684834974,0.7779645797610772,1.1770365684834974,0.9339917456194388,0.6590082773125356,True,False,1161,-0.181846862337725,0.0084606547327783,0.3714521666941652,1.5997564550586283,0.889997660433723,0.2453227079196063,0.2722758454801183,23.44610551320738,1812,False,0.85,1.0,1.0,0.4666666666666667,0.8941666666666667,89.41666666666667,0.7923477319412588,1851,False,0.7402339678489727,65.24901016018029,751,high_priority,False,True,MID,,1.818235538341644,1272764.876839151,Rotation Profile,2,79.62229188070435,True,700000.0,79.71097514107076,player,global_prospect_universe,XGBoost,B_v13B_advanced,alexander briedl,2026-06-30,Fußballclub Blau-Weiß Linz,,12.0,1.0,1,0,1,80.0,76.0,Negotiable Target,68.47
Alessandro Bianco,602124.0,Monza,Panthessalonikios Athlitikos Omilos Konstantinoupoliton,Serie A,2024-2025,MID,22.21492128678987,2600,5000000.0,15.424948470398377,XGBoost,B_v13B_advanced,16.055673599243164,9394863.0,-0.630725128844789,0.630725128844789,1.0,0.6931469805600052,0.5836309291636336,1,1,0.85,exact_age_validated,0.03,0.0,9394862.91304463,-0.6307251288447873,0.6307251288447873,4394862.91304463,0.878972582608926,0.6307251288447873,0.878972582608926,0.7795075702566957,0.4241580504500556,True,False,1463,0.2036733200084725,0.6881923583193925,0.8748000127112437,1.5997564550586283,0.889997660433723,0.6907352352037195,0.7666249967762174,31.459550355639983,918,True,0.85,1.0,1.0,0.1666666666666666,0.8641666666666667,86.41666666666667,0.5171163716344821,2643,False,0.7238086871621335,64.83864299599693,794,high_priority,False,True,MID,,1.978059456621713,9890297.283108564,Rotation Profile,2,81.23288776490287,True,5000000.0,84.13031940977855,player,global_prospect_universe,XGBoost,B_v13B_advanced,alessandro bianco,2026-06-30,Panthessalonikios Athlitikos Omilos Konstantinoupoliton,1200000.0,12.0,1.0,1,0,1,80.0,76.0,Negotiable Target,68.19
Gerard Martín,705395.0,Barcelona,Futbol Club Barcelona,LaLiga,2024-2025,DEF,22.622861054072555,1038,3000000.0,14.914122846632385,XGBoost,B_v13B_advanced,16.2474365234375,11380780.0,-1.3333136768051157,1.3333136768051157,6.5,2.014900853878668,2.03524491788262,1,1,0.85,exact_age_validated,0.09,0.26,11380779.975228157,-1.3333136768051157,1.3333136768051157,8380779.975228155,2.793593325076052,1.3333136768051157,2.793593325076052,1.5166660680336663,1.932723784766014,True,False,356,3.7376083248486167,3.207116358176825,3.439484089514077,1.5997564550586283,0.889997660433723,3.1477639558137005,3.49360277207555,75.66410887790562,92,True,0.85,0.5766666666666667,1.0,0.1666666666666666,0.7160000000000002,71.60000000000002,-0.8422207356584304,4587,False,1.5391228833057178,85.20835118965705,65,target_scouting,True,True,DEF,,3.496444279589317,10489332.838767951,First Team Ready,3,86.01946859167846,True,3000000.0,84.43752386516645,player,global_prospect_universe,XGBoost,B_v13B_advanced,gerard martin,2028-06-30,Futbol Club Barcelona,,36.0,3.0,0,0,0,40.0,28.0,Protected Asset,68.05
Kévin Danois,743496.0,Auxerre,Association de la Jeunesse auxerroise,Ligue 1,2024-2025,MID,20.27652292950034,1460,500000.0,13.122363377404328,XGBoost,B_v13B_advanced,15.0117769241333,3307744.0,-1.8894135467289723,1.8894135467289723,4.0,1.6094299124820992,1.4917402334230712,1,1,0.85,exact_age_validated,0.0,0.0,3307743.9343483564,-1.8894135467289723,1.8894135467289723,2807743.9343483564,5.0,1.8894135467289723,5.0,2.100128104124505,3.671193149444084,True,False,109,2.13127423173946,2.43439270202124,2.4792303163114284,1.5997564550586283,0.889997660433723,2.193983187733616,2.4350319319200424,58.504578984604,238,True,0.85,0.8111111111111111,1.0,0.1666666666666666,0.7980555555555557,79.80555555555557,-0.0894119964489693,3448,False,1.7459460409586949,90.37559516628538,35,target_scouting,True,True,MID,,7.421700926239416,3710850.463119708,Key Player Profile,4,91.13664271399746,True,500000.0,80.961302851415,player,global_prospect_universe,XGBoost,B_v13B_advanced,kevin danois,2029-06-30,Association de la Jeunesse auxerroise,100000.0,48.0,4.0,0,0,0,20.0,14.0,Long-Term Locked Asset,67.46
Adrián Liso,1061122.0,Zaragoza,Getafe Club de Fútbol S. A. D. Team Dubai,Spanish Segunda División,2024-2025,MID,19.534565366187543,2491,2000000.0,14.50865773852422,XGBoost,B_v13B_advanced,14.61610507965088,2226864.25,-0.1074473411266598,0.1074473411266598,2.333333333333333,1.2039716376605334,1.0489232211148836,1,1,0.85,exact_age_validated,0.14,0.04,2226864.4542322806,-0.1074473411266598,0.1074473411266598,226864.4542322806,0.1134322271161403,0.1074473411266598,0.1134322271161403,0.2304825839625379,-0.1790256103747737,True,False,2651,1.0603848363333557,1.6616931851100436,1.69686961351438,1.5997564550586283,0.889997660433723,1.4453163383391638,1.6041104851022796,45.0352665259685,388,True,0.85,1.0,1.0,0.1666666666666666,0.8641666666666667,86.41666666666667,0.5171163716344821,2505,False,0.6312163167818622,62.52532676217378,985,high_priority,False,True,MID,,0.4183988080374726,836797.6160749453,Development Prospect,1,70.81484553373829,True,2000000.0,79.48739728555833,player,global_prospect_universe,XGBoost,B_v13B_advanced,adrian liso,2026-06-30,Getafe Club de Fútbol S. A. D. Team Dubai,,12.0,1.0,1,0,1,80.0,76.0,Negotiable Target,66.57
Mark O'Mahony,943549.0,Portsmouth,Brighton and Hove Albion Football Club,Championship,2024-2025,ATT,19.95893223819301,595,500000.0,13.122363377404328,XGBoost,B_v13B_advanced,14.52814483642578,2039356.5,-1.405781459021453,1.405781459021453,0.6666666666666666,0.5108242904362132,0.1014495261138139,0,1,0.85,exact_age_validated,0.45,0.0,2039356.4215742708,-1.4057814590214512,1.4057814590214512,1539356.4215742708,3.078712843148541,1.4057814590214512,3.078712843148541,1.5926995326139048,2.1573748217095474,True,False,296,-0.0105045590727483,0.3407320564113786,0.022891050588587,-0.6249944573526541,0.889997660433723,0.0867914491351565,0.0963270599534697,20.593959647852625,2175,False,0.85,0.3305555555555555,1.0,0.3333333333333333,0.6465277777777778,64.65277777777779,-1.4795852098503286,5646,True,0.6041494659559494,61.84909193681074,1048,high_priority,False,True,ATT,,3.727823110325728,1863911.555162864,First Team Ready,3,84.40176536251288,True,500000.0,80.01413392964866,player,global_prospect_universe,XGBoost,B_v13B_advanced,mark o mahony,2026-05-31,Brighton and Hove Albion Football Club,450000.0,11.0,0.92,1,0,1,81.67,77.17,Negotiable Target,66.45
