path,size_mb,rows,cols,read_seconds
data\processed\transfermarkt_features.parquet,9.48,616377,24,0.3269
data\processed\transfermarkt_features_v13a.parquet,9.49,616377,24,0.3042
data\processed\transfermarkt_features_v13c.parquet,7.85,507814,24,0.2558
reports\strategy\transfer_portfolio_dataset.csv,6.62,6208,91,0.1013
reports\rankings\scoring_dataset_opportunity.csv,5.04,6208,64,0.0826
reports\rankings\scoring_dataset_confidence.csv,4.65,6208,58,0.0747
data\processed\current_player_snapshot.csv,3.89,17430,23,0.0728
reports\rankings\scoring_dataset_growth.csv,4.04,6208,49,0.0663
reports\rankings\scoring_dataset.csv,3.07,6208,39,0.048
data\processed\player_season_panel_v13a.parquet,2.28,43591,52,0.0467
data\processed\player_role_explainability.parquet,5.96,22929,197,0.0422
data\processed\current_performance_snapshot.parquet,0.07,785,25,0.036
data\processed\player_season_panel.parquet,1.6,27547,52,0.0323
data\processed\current_performance_snapshot.csv,0.16,785,25,0.0258
reports\tm3_contract_intelligence\contract_intelligence_dataset.csv,1.38,757,156,0.0251
reports\visual_identity\tm6_9_top50_market_value_fetch_audit.csv,0.01,49,9,0.0244
data\processed\current_player_snapshot.parquet,0.82,17430,27,0.0237
reports\dss\global_prospect_universe.csv,1.3,757,143,0.0222
reports\business\roi_global_summary.csv,0.0,1,14,0.0164
data\processed\player_role_labels.parquet,1.37,11889,64,0.0162
reports\visual_identity\tm6_9a_top30_visual_mvp_manifest.csv,0.06,30,163,0.0161
data\processed\fbref_standard_raw.parquet,0.39,15830,28,0.016
data\processed\fbref_features_v13a.parquet,0.89,43591,25,0.0147
reports\tm3_contract_intelligence\top_contract_opportunities.csv,0.03,25,90,0.0145
reports\visual_identity\tm6_9_top50_market_value_image_audit.csv,0.01,50,15,0.0145
reports\rankings\scouting_shortlist.csv,0.02,100,18,0.0134
data\processed\current_player_snapshot_homonyms.csv,0.18,827,23,0.0133
data\processed\player_season_modeling_v13b_productive_candidate.parquet,0.8,5527,78,0.0127
data\processed\player_season_modeling_v13b_advanced.parquet,0.8,5527,78,0.0126
data\processed\player_role_features_advanced.parquet,2.4,12848,56,0.0126
reports\visual_identity\tm6_9_top30_players.csv,0.0,30,12,0.0123
reports\visual_identity\tm6_9_top60_player_image_fetch_audit.csv,0.01,60,8,0.012
reports\visual_identity\tm6_9_top60_players.csv,0.01,60,12,0.0119
reports\rankings\ols_overvalued.csv,0.02,25,61,0.0118
reports\rankings\top_high_potential.csv,0.01,50,19,0.0117
reports\visual_identity\tm6_9a_club_crests_download_report.csv,0.02,174,5,0.0115
reports\tm3_contract_intelligence\top_recruitment_contract_targets.csv,0.03,25,90,0.0111
data\processed\fbref_features.parquet,0.58,27547,25,0.0103
reports\rankings\scoring_league_distribution.csv,0.0,11,5,0.0102
reports\tm3_contract_intelligence\contract_status_distribution.csv,0.0,5,2,0.0102
data\processed\player_season_modeling_advanced_v13a.parquet,0.52,5527,59,0.0101
data\processed\player_season_modeling_growth.parquet,0.43,3916,64,0.01
data\processed\player_season_modeling_indices_v13a.parquet,0.71,5527,74,0.01
data\processed\player_season_modeling_growth_v13a.parquet,0.57,5527,64,0.01
data\processed\player_role_features_v2.parquet,1.49,22929,25,0.0098
reports\rankings\ols_undervalued.csv,0.02,25,61,0.0097
reports\rankings\top_undervalued_by_league.csv,0.04,140,19,0.0094
reports\strategy\scenario_comparison.csv,0.0,3,14,0.0092
reports\rankings\top_undervalued_by_position.csv,0.02,64,19,0.0091
reports\strategy\optimized_transfer_portfolio.csv,0.0,5,32,0.009
reports\strategy\scenario_grid.csv,0.0,18,16,0.009
data\processed\player_season_modeling_indices.parquet,0.54,3916,74,0.0088
data\processed\player_role_features.parquet,0.7,22929,26,0.0088
data\processed\player_season_modeling_v13a.parquet,0.46,5527,54,0.0086
reports\strategy\scenario_portfolios.csv,0.0,15,28,0.0085
data\processed\player_position_taxonomy.parquet,0.71,12848,9,0.0083
data\processed\player_role_archetypes.parquet,1.25,11889,48,0.0082
reports\strategy\scenario_grid_portfolios.csv,0.03,105,29,0.0081
reports\rankings\top_low_risk.csv,0.01,50,19,0.008
reports\rankings\top_undervalued_global.csv,0.01,50,19,0.0079
data\processed\player_role_similarity_final.parquet,0.16,20490,11,0.0079
data\processed\player_season_modeling_advanced.parquet,0.39,3916,59,0.0074
data\processed\player_role_features_final.parquet,1.14,13574,26,0.0074
data\processed\player_season_modeling.parquet,0.35,3916,54,0.007
reports\business\roi_simulation.csv,0.36,1138,24,0.007
data\processed\player_role_dss.parquet,0.48,4298,20,0.0067
data\processed\player_role_similarity.parquet,0.15,22000,7,0.0067
data\processed\player_role_similarity_v2.parquet,0.15,22000,7,0.0062
data\processed\current_xg_snapshot.parquet,0.51,2775,38,0.0057
data\processed\player_position_taxonomy_v2c.parquet,0.1,12848,5,0.0042
data\processed\player_position_taxonomy_v2.parquet,0.1,12848,5,0.0041
data\processed\player_season_features.parquet,0.02,3,40,0.004
data\processed\player_role_assignments_with_distance.parquet,0.5,4298,29,0.0039
data\processed\player_position_taxonomy_v2b.parquet,0.1,12848,5,0.0037
data\processed\player_role_intelligence_v2.parquet,0.08,4298,15,0.0035
data\processed\player_role_intelligence.parquet,0.11,4298,12,0.0033
data\processed\player_role_universal.parquet,0.07,362,22,0.0031
data\processed\player_role_assignments.parquet,0.04,4298,7,0.003
reports\rankings\scouting_shortlist_with_risk.csv,0.03,100,26,0.0027
reports\business\roi_scouting_shortlist.csv,0.03,100,24,0.0021
reports\evaluation\precision_at_k.csv,0.0,4,4,0.0014
reports\business\transfer_strategy_analysis.csv,0.0,16,16,0.0012
reports\business\roi_scouting_shortlist_summary.csv,0.0,1,14,0.0008
