path,suffix,rows,columns,read_seconds,memory_mb,error
data\processed\current_performance_snapshot.parquet,.parquet,785.0,25.0,0.748583,0.505,
data\processed\transfermarkt_features_v13a.parquet,.parquet,616377.0,24.0,0.363355,551.846,
data\processed\transfermarkt_features.parquet,.parquet,616377.0,24.0,0.361521,551.846,
data\processed\transfermarkt_features_v13c.parquet,.parquet,507814.0,24.0,0.281304,454.351,
reports\roles\player_role_labels.csv,.csv,11889.0,64.0,0.142622,20.165,
reports\data_quality\tm6_6_transfermarkt_refresh\transfermarkt_refresh_latest_diff.csv,.csv,39361.0,17.0,0.142469,28.307,
reports\roles\player_role_dna.csv,.csv,22929.0,28.0,0.1405,19.852,
reports\strategy\transfer_portfolio_dataset.csv,.csv,6208.0,91.0,0.109292,22.463,
reports\data_quality\snapshot_refresh\candidate_20260615_154627\current_player_snapshot.csv,.csv,16546.0,23.0,0.095821,18.863,
data\processed\current_player_snapshot.csv,.csv,17430.0,24.0,0.083583,19.986,
reports\rankings\scoring_dataset_confidence.csv,.csv,6208.0,58.0,0.082113,6.28,
reports\sprint_13a1\xgboost\predictions\tuned_xgboost_full_predictions.csv,.csv,5527.0,79.0,0.080032,9.527,
reports\rankings\scoring_dataset_opportunity.csv,.csv,6208.0,64.0,0.079499,6.838,
reports\sprint_13b\productive\rankings\scoring_dataset_opportunity.csv,.csv,6208.0,63.0,0.077226,6.483,
reports\rankings\scoring_dataset_growth.csv,.csv,6208.0,49.0,0.075194,5.895,
reports\sprint_13b\productive\rankings\scoring_dataset_confidence.csv,.csv,6208.0,57.0,0.073075,5.925,
reports\sprint_13b\productive\rankings\scoring_dataset.csv,.csv,6208.0,38.0,0.069432,5.108,
reports\sprint_13b\productive\rankings\scoring_dataset_growth.csv,.csv,6208.0,48.0,0.0627,5.54,
data\processed\player_season_panel_v13a.parquet,.parquet,43591.0,52.0,0.06114,56.345,
data\processed\player_role_explainability.parquet,.parquet,22929.0,197.0,0.060948,49.247,
reports\player_role_similarity_final.csv,.csv,20490.0,11.0,0.053763,10.245,
reports\rankings\scoring_dataset.csv,.csv,6208.0,39.0,0.051759,5.463,
reports\data_quality\tm6_6_transfermarkt_refresh\transfermarkt_refresh_club_changes.csv,.csv,8093.0,17.0,0.048798,4.612,
reports\sprint_13a1\xgboost\predictions\tuned_xgboost_test_predictions.csv,.csv,2433.0,79.0,0.046782,4.193,
data\processed\current_player_snapshot.parquet,.parquet,17430.0,24.0,0.043613,19.295,
data\processed\player_season_panel.parquet,.parquet,27547.0,52.0,0.040389,36.982,
reports\player_role_similarity_v2.csv,.csv,22000.0,7.0,0.039664,6.705,
reports\data_quality\tm6_8_understat_matching_unmatched_big5.csv,.csv,1180.0,176.0,0.039328,5.935,
reports\dss\global_prospect_universe.csv,.csv,757.0,143.0,0.036929,3.444,
reports\sprint_13b\productive\predictions\04_ml_test_predictions_v13b.csv,.csv,6208.0,17.0,0.036081,3.791,
reports\assets\club_crest_coverage.csv,.csv,845.0,8.0,0.035897,0.509,
reports\player_role_dss.csv,.csv,4298.0,20.0,0.035174,4.121,
reports\player_role_similarity.csv,.csv,22000.0,7.0,0.033983,6.71,
data\processed\player_role_labels.parquet,.parquet,11889.0,64.0,0.03277,20.72,
reports\sprint_13b\econometric\03_econometric_scored_player_seasons.parquet,.parquet,4630.0,92.0,0.032102,8.808,
reports\sprint_13b\fbref_advanced_extraction_audit.csv,.csv,231.0,9.0,0.031986,0.113,
data\processed\fbref_standard_raw.parquet,.parquet,15830.0,28.0,0.031375,25.04,
data\processed\fbref_features_v13a.parquet,.parquet,43591.0,25.0,0.03113,23.05,
reports\sprint_13b\ml\predictions\04_ml_test_predictions_v13b.csv,.csv,6208.0,17.0,0.030284,3.791,
reports\sprint_13b\productive\03_econometric_scored_player_seasons.parquet,.parquet,4630.0,92.0,0.030155,8.808,
data\processed\player_identity_current.parquet,.parquet,17430.0,13.0,0.029871,10.485,
reports\tm3_contract_intelligence\contract_intelligence_dataset.csv,.csv,757.0,156.0,0.02899,3.714,
data\processed\player_role_similarity.parquet,.parquet,22000.0,7.0,0.028915,6.71,
data\processed\player_role_similarity_final.parquet,.parquet,20490.0,11.0,0.028258,10.245,
data\processed\player_role_similarity_v2.parquet,.parquet,22000.0,7.0,0.028186,6.705,
data\processed\player_season_modeling_advanced_v13a.parquet,.parquet,5527.0,59.0,0.027777,8.045,
reports\sprint_13b\poc_playwright_fbref_html_results.csv,.csv,4.0,10.0,0.027593,0.003,
data\processed\player_season_modeling_v13b_productive_candidate.parquet,.parquet,5527.0,78.0,0.027287,9.286,
data\processed\player_role_features_advanced.parquet,.parquet,12848.0,56.0,0.026646,11.225,
reports\assets\tm69a_club_crest_downloads_only_ready.csv,.csv,32.0,7.0,0.026352,0.018,
data\processed\player_season_modeling_advanced.parquet,.parquet,3916.0,59.0,0.025938,5.69,
reports\sprint_13b\econometric\03_undervalued_ranking.csv,.csv,50.0,23.0,0.025517,0.03,
reports\sprint_13a1\econometric\03_econometric_scored_player_seasons.parquet,.parquet,4716.0,68.0,0.025285,7.734,
reports\sprint_13b\fbref_advanced_coverage_audit.csv,.csv,4081.0,12.0,0.025005,1.234,
reports\scouting_reports\player_shap_report.csv,.csv,3297.0,13.0,0.024944,2.251,
data\processed\player_season_modeling_v13b_advanced.parquet,.parquet,5527.0,78.0,0.024916,9.286,
reports\data_quality\snapshot_refresh\candidate_20260615_154627\current_player_snapshot.parquet,.parquet,16546.0,23.0,0.024728,17.955,
reports\data_quality\current_snapshot_apply\transfer_portfolio_dataset_current_snapshot_apply_audit.csv,.csv,1.0,10.0,0.024604,0.001,
data\processed\player_role_archetypes.parquet,.parquet,11889.0,48.0,0.024475,8.927,
data\processed\current_performance_snapshot.csv,.csv,785.0,25.0,0.024193,0.503,
data\processed\player_role_assignments.parquet,.parquet,4298.0,7.0,0.023921,1.475,
data\processed\player_role_features_v2.parquet,.parquet,22929.0,25.0,0.023865,9.65,
reports\data_quality\tm41_case_audit.csv,.csv,2719.0,21.0,0.023849,1.753,
reports\roles\position_taxonomy_purity_v2b.csv,.csv,7.0,6.0,0.023428,0.001,
reports\sprint_13b\fbref_advanced_file_audit.csv,.csv,231.0,6.0,0.023353,0.055,
reports\sprint_13a1\ml\predictions\04_ml_test_predictions_v13a1.csv,.csv,776.0,23.0,0.023279,0.468,
reports\sprint_13a1\xgboost\predictions\tuned_xgboost_predictions.csv,.csv,811.0,79.0,0.023236,1.398,
reports\player_role_intelligence_v2.csv,.csv,4298.0,15.0,0.023033,2.021,
reports\sprint_13b\productive\predictions\04_ml_test_predictions_v13b.parquet,.parquet,6208.0,17.0,0.023032,3.791,
data\processed\player_season_modeling_v13a.parquet,.parquet,5527.0,54.0,0.022901,7.834,
data\processed\player_role_features.parquet,.parquet,22929.0,26.0,0.022765,9.825,
data\processed\fbref_features.parquet,.parquet,27547.0,25.0,0.022616,14.4,
data\processed\current_player_snapshot_homonyms.csv,.csv,827.0,24.0,0.02175,0.945,
reports\business\roi_simulation.csv,.csv,1138.0,24.0,0.021518,0.734,
reports\sprint_13b\ml\advanced_features_contribution_ranking_v13b.csv,.csv,3.0,7.0,0.021418,0.0,
reports\player_role_intelligence.csv,.csv,4298.0,12.0,0.021363,1.655,
data\processed\player_position_taxonomy.parquet,.parquet,12848.0,9.0,0.021349,6.438,
reports\assets\club_crest_download_results.csv,.csv,32.0,6.0,0.021319,0.017,
data\processed\player_season_modeling_growth_v13a.parquet,.parquet,5527.0,64.0,0.020832,8.256,
data\processed\player_season_modeling_indices_v13a.parquet,.parquet,5527.0,74.0,0.020785,8.678,
data\processed\player_season_modeling_indices.parquet,.parquet,3916.0,74.0,0.020646,6.138,
data\processed\player_position_taxonomy_v2b.parquet,.parquet,12848.0,5.0,0.020527,3.333,
reports\tables\02_baseline_vif_table.csv,.csv,17.0,2.0,0.020455,0.001,
data\processed\player_season_features.parquet,.parquet,3.0,40.0,0.020448,0.004,
reports\sprint_13b\productive\03_econometric_test_predictions.parquet,.parquet,776.0,89.0,0.020356,1.458,
data\processed\player_position_taxonomy_v2c.parquet,.parquet,12848.0,5.0,0.020276,3.335,
data\processed\player_role_assignments_with_distance.parquet,.parquet,4298.0,29.0,0.019397,2.196,
reports\data_quality\current_snapshot_apply\global_prospect_universe_current_snapshot_apply_audit.csv,.csv,1.0,10.0,0.019378,0.001,
reports\sprint_13b\productive\03_overvalued_ranking.csv,.csv,50.0,23.0,0.019339,0.03,
data\processed\player_role_dss.parquet,.parquet,4298.0,20.0,0.019319,4.115,
reports\assets\missing_club_crests.csv,.csv,746.0,8.0,0.019047,0.421,
data\processed\player_season_modeling_growth.parquet,.parquet,3916.0,64.0,0.018848,5.839,
data\processed\player_season_modeling.parquet,.parquet,3916.0,54.0,0.018789,5.541,
reports\sprint_13b\econometric\03_econometric_test_predictions.parquet,.parquet,776.0,89.0,0.018605,1.458,
reports\sprint_13a1\ml\04_ml_test_predictions.csv,.csv,776.0,23.0,0.018361,0.468,
reports\tables\02_baseline_test_predictions.parquet,.parquet,552.0,64.0,0.01818,0.824,
reports\sprint_13b\poc_soccerdata_fbref_results.csv,.csv,9.0,9.0,0.017623,0.005,
data\processed\player_role_features_final.parquet,.parquet,13574.0,26.0,0.017563,5.823,
reports\sprint_13b\fbref_advanced_variable_summary.csv,.csv,53.0,14.0,0.017522,0.012,
reports\tables\ols_model_metrics.csv,.csv,1.0,4.0,0.017484,0.0,
reports\data_quality\tm41_column_audit.csv,.csv,539.0,33.0,0.017364,0.145,
reports\strategy\scenario_grid_portfolios.csv,.csv,105.0,29.0,0.017231,0.069,
reports\tables\01_market_value_by_league.csv,.csv,7.0,5.0,0.017068,0.001,
reports\tables\02_baseline_coefficient_table.csv,.csv,18.0,8.0,0.017049,0.002,
reports\sprint_13b\productive\rankings\top_undervalued_global.csv,.csv,50.0,18.0,0.017033,0.027,
reports\data_quality\tm6_5_14\club_current_context_audit.csv,.csv,2996.0,8.0,0.016941,1.687,
reports\visual_identity\tm6_9_top50_market_value_fetch_audit.csv,.csv,49.0,9.0,0.016932,0.035,
data\processed\current_xg_snapshot.parquet,.parquet,2775.0,38.0,0.016301,2.533,
reports\data_quality\tm7_presentation_layer_audit.csv,.csv,2.0,24.0,0.016294,0.002,
reports\sprint_13b\poc_soccerdata_fbref_team_season_results.csv,.csv,9.0,7.0,0.016236,0.004,
reports\model_diagnostics\ranking_by_position.csv,.csv,4.0,22.0,0.016231,0.001,
reports\data_quality\snapshot_refresh\candidate_20260615_154627\current_player_snapshot_homonyms.csv,.csv,701.0,23.0,0.016202,0.798,
data\processed\player_position_taxonomy_v2.parquet,.parquet,12848.0,5.0,0.016143,3.335,
reports\visual_identity\tm6_9a_top30_visual_mvp_manifest.csv,.csv,30.0,163.0,0.016122,0.159,
reports\sprint_13b\econometric\03_inefficiency_by_league_test.csv,.csv,11.0,9.0,0.016101,0.002,
reports\tables\01_modeling_coverage_by_season.csv,.csv,7.0,6.0,0.016097,0.001,
reports\sprint_13a1\econometric\03_econometric_test_predictions.parquet,.parquet,776.0,65.0,0.015853,1.254,
reports\roles\archetype_representatives.csv,.csv,180.0,47.0,0.015827,0.115,
reports\portfolio\recommended_portfolio.csv,.csv,5.0,29.0,0.015823,0.003,
reports\sprint_13b\ml\predictions\04_ml_test_predictions_v13b.parquet,.parquet,6208.0,17.0,0.015777,3.791,
reports\rankings\ols_overvalued.csv,.csv,25.0,61.0,0.015771,0.038,
reports\assets\tm69a_club_crest_matching_top60.csv,.csv,85.0,3.0,0.015675,0.017,
reports\data_quality\tm6_6_transfermarkt_refresh\transfermarkt_refresh_top_market_value_changes.csv,.csv,200.0,17.0,0.015674,0.158,
reports\roles\archetype_feature_centroids.csv,.csv,9.0,111.0,0.015586,0.008,
data\processed\player_role_intelligence_v2.parquet,.parquet,4298.0,15.0,0.015566,2.021,
reports\tables\03_player_season_with_inefficiency_scores.parquet,.parquet,1012.0,25.0,0.015548,0.485,
reports\sprint_13b\econometric\03_econometric_model_metrics.csv,.csv,6.0,6.0,0.015371,0.001,
reports\sprint_13a1\ml\04_ml_undervalued_ranking.csv,.csv,50.0,23.0,0.015366,0.03,
reports\data_quality\tm6_5_14\duplicate_key_audit.csv,.csv,877.0,7.0,0.015252,0.293,
reports\sprint_13b\econometric\ols_model_comparison.csv,.csv,3.0,15.0,0.015117,0.001,
data\processed\player_role_universal.parquet,.parquet,362.0,22.0,0.01504,0.426,
reports\role_variable_inventory.csv,.csv,59.0,2.0,0.014972,0.008,
reports\strategy\scenario_portfolios.csv,.csv,15.0,28.0,0.014939,0.01,
reports\strategy\scenario_grid.csv,.csv,18.0,16.0,0.014768,0.007,
reports\data_quality\tm41_streamlit_dataset_refs.csv,.csv,21.0,5.0,0.014653,0.006,
reports\data_quality\tm41_dataset_inventory.csv,.csv,539.0,9.0,0.014586,0.411,
reports\sprint_13b\ml\feature_importance_xgboost_v13b.csv,.csv,11.0,7.0,0.014586,0.003,
reports\roles\position_taxonomy_purity.csv,.csv,7.0,6.0,0.014546,0.001,
reports\roles\position_taxonomy_validation.csv,.csv,114.0,9.0,0.014466,0.051,
reports\sprint_13b\econometric\03_overvalued_ranking.csv,.csv,50.0,23.0,0.014368,0.03,
reports\data_quality\tm6_5_14\player_profile_validation_sample_transfer_proxy20.csv,.csv,20.0,10.0,0.014298,0.009,
reports\tables\transfermarkt_profile.csv,.csv,7.0,7.0,0.014196,0.002,
reports\rankings\scouting_shortlist.csv,.csv,100.0,18.0,0.014174,0.055,
reports\sprint_13a1\ml\04_ml_test_predictions.parquet,.parquet,776.0,23.0,0.014103,0.468,
reports\model_diagnostics\ranking_summary.csv,.csv,6.0,12.0,0.013977,0.001,
reports\tables\01_temporal_split_summary.csv,.csv,3.0,4.0,0.013956,0.001,
reports\sprint_13b\fbref_advanced_feature_engineering_audit.csv,.csv,11.0,4.0,0.013833,0.001,
reports\sprint_13b\econometric\correlation_advanced_features.csv,.csv,3.0,4.0,0.013782,0.0,
reports\sprint_13b\ml\ml_model_comparison_v13b.csv,.csv,8.0,16.0,0.013747,0.003,
reports\data_quality\current_snapshot_apply\contract_intelligence_dataset_current_snapshot_apply_audit.csv,.csv,1.0,10.0,0.013692,0.001,
reports\sprint_13b\econometric\03_vif_table.csv,.csv,20.0,2.0,0.013515,0.002,
reports\rankings\ols_undervalued.csv,.csv,25.0,61.0,0.013507,0.038,
reports\rankings\scouting_shortlist_with_risk.csv,.csv,100.0,26.0,0.013479,0.066,
reports\sprint_13b\productive\rankings\top_low_risk.csv,.csv,50.0,18.0,0.013413,0.028,
reports\rankings\scoring_league_distribution.csv,.csv,11.0,5.0,0.013251,0.001,
reports\performance\dataset_read_times.csv,.csv,83.0,5.0,0.013221,0.011,
reports\tables\01_match_rate_by_league.csv,.csv,7.0,4.0,0.013156,0.001,
reports\data_quality\sprint_13a_matching_by_league_season.csv,.csv,77.0,6.0,0.012944,0.013,
reports\tables\02_baseline_model_metrics.csv,.csv,8.0,5.0,0.012852,0.001,
reports\data_quality\tm6_5_14\market_value_consistency_audit.csv,.csv,20.0,12.0,0.012818,0.004,
reports\visual_identity\tm6_9_top60_players.csv,.csv,60.0,12.0,0.012677,0.032,
reports\roles\role_feature_coverage_advanced.csv,.csv,45.0,3.0,0.012553,0.004,
reports\portfolio\portfolio_candidates.parquet,.parquet,68.0,29.0,0.01255,0.042,
reports\model_diagnostics\ranking_by_league.csv,.csv,7.0,22.0,0.012532,0.002,
reports\assets\missing_club_crests_urls_template.csv,.csv,746.0,7.0,0.012472,0.393,
data\processed\player_role_intelligence.parquet,.parquet,4298.0,12.0,0.012465,1.639,
reports\data_quality\tm41_module_dataset_map.csv,.csv,33.0,9.0,0.012391,0.015,
reports\roles\archetype_cluster_summary.csv,.csv,3.0,11.0,0.012344,0.002,
reports\sprint_13a1\ml\predictions\04_ml_test_predictions_v13a1.parquet,.parquet,776.0,23.0,0.012337,0.468,
reports\data_quality\tm7_player_view_model_audit.csv,.csv,9.0,16.0,0.012276,0.006,
reports\roles\role_feature_dataset_summary.csv,.csv,4.0,4.0,0.01227,0.0,
reports\visual_identity\tm6_9_top30_players.csv,.csv,30.0,12.0,0.012185,0.016,
reports\tables\explainability\shap_global_importance.csv,.csv,34.0,2.0,0.012182,0.003,
reports\tables\03_econometric_model_metrics.csv,.csv,6.0,2.0,0.012158,0.001,
reports\evaluation\precision_at_k.csv,.csv,4.0,4.0,0.012105,0.0,
reports\roles\archetype_cluster_selection.csv,.csv,18.0,5.0,0.012088,0.002,
reports\sprint_13b\ml\ml_success_criteria_v13b.csv,.csv,5.0,3.0,0.012034,0.0,
reports\visual_identity\tm6_9a_club_crests_download_report.csv,.csv,174.0,5.0,0.01201,0.059,
reports\sprint_13b\productive\03_undervalued_ranking.csv,.csv,50.0,23.0,0.011954,0.03,
reports\data_quality\sprint_13a_matching_by_league.csv,.csv,11.0,5.0,0.011925,0.001,
reports\sprint_13b\econometric\03_main_coefficients_advanced_features.csv,.csv,7.0,6.0,0.011862,0.001,
reports\roles\position_taxonomy_representatives_v2b.csv,.csv,105.0,11.0,0.011856,0.032,
reports\visual_identity\tm6_9_top50_market_value_image_audit.csv,.csv,50.0,15.0,0.011849,0.021,
reports\tables\01_match_rate_by_season.csv,.csv,7.0,4.0,0.011773,0.001,
reports\rankings\top_high_potential.csv,.csv,50.0,19.0,0.011619,0.031,
reports\tm3_contract_intelligence\top_contract_opportunities.csv,.csv,25.0,90.0,0.011304,0.046,
reports\tm8_migration\tm8_legacy_dependency_audit.csv,.csv,1375.0,3.0,0.011251,0.275,
reports\sprint_13a1\xgboost\tables\ml_tuned_model_comparison.csv,.csv,4.0,4.0,0.011233,0.0,
reports\sprint_13a1\ml\04_model_comparison_test.csv,.csv,4.0,5.0,0.011213,0.001,
reports\sprint_13a1\ml\tables\04_ml_undervalued_ranking_v13a1.csv,.csv,50.0,23.0,0.011201,0.03,
reports\roles\position_taxonomy_attacking_audit_v2b.csv,.csv,9.0,8.0,0.011187,0.005,
reports\sprint_13b\ml\advanced_features_performance_summary.csv,.csv,11.0,4.0,0.011181,0.002,
reports\roles\universal_role_centroids.csv,.csv,4.0,14.0,0.011176,0.002,
reports\sprint_13a1\ml\tables\04_ml_overvalued_ranking_v13a1.csv,.csv,50.0,23.0,0.011093,0.03,
reports\roles\role_explainability_no_role_summary.csv,.csv,2.0,2.0,0.011071,0.0,
reports\sprint_13b\productive\rankings\top_undervalued_by_league.csv,.csv,220.0,18.0,0.011054,0.121,
reports\model_diagnostics\ranking_tier_summary.csv,.csv,5.0,7.0,0.010997,0.001,
reports\roles\position_taxonomy_distribution.csv,.csv,8.0,5.0,0.010936,0.001,
reports\sprint_13a1\ml\tables\ml_model_comparison_v13a1.csv,.csv,8.0,6.0,0.010926,0.001,
reports\roles\position_taxonomy_attacking_audit_summary_v2b.csv,.csv,1.0,9.0,0.010854,0.0,
reports\tm3_contract_audit\contract_coverage.csv,.csv,1.0,6.0,0.010851,0.0,
reports\sprint_13a1\ols\growth_ols_temporal_v13a1_metrics.csv,.csv,2.0,6.0,0.010673,0.001,
reports\visual_identity\tm6_9_top60_player_image_fetch_audit.csv,.csv,60.0,8.0,0.010647,0.027,
reports\sprint_13b\ml\feature_sets_v13b.csv,.csv,2.0,5.0,0.010643,0.001,
reports\sprint_13a1\ml\04_ml_model_metrics.csv,.csv,8.0,6.0,0.010628,0.001,
reports\tables\03_econometric_model_coefficients.csv,.csv,17.0,8.0,0.010585,0.002,
reports\business\roi_scouting_shortlist_summary.csv,.csv,1.0,14.0,0.010584,0.0,
reports\sprint_13b\ml\ml_model_comparison_test_v13b.csv,.csv,4.0,16.0,0.010534,0.001,
reports\sprint_13b\productive\rankings\scouting_shortlist.csv,.csv,100.0,18.0,0.010494,0.055,
reports\sprint_13a1\ml\04_ml_inefficiency_by_league.csv,.csv,11.0,9.0,0.010461,0.002,
reports\sprint_13b\ml\feature_importance_all_transformed_v13b.csv,.csv,72.0,6.0,0.010355,0.021,
reports\sprint_13a1\ml\04_ml_overvalued_ranking.csv,.csv,50.0,23.0,0.010296,0.03,
reports\data_quality\tm6_8_understat_matching_audit.csv,.csv,3.0,11.0,0.010249,0.001,
reports\tm3_contract_intelligence\top_recruitment_contract_targets.csv,.csv,25.0,90.0,0.010102,0.047,
reports\rankings\top_undervalued_by_league.csv,.csv,140.0,19.0,0.01007,0.086,
reports\sprint_13b\productive\rankings\top_high_potential.csv,.csv,50.0,18.0,0.01004,0.027,
reports\sprint_13a1\econometric\03_overvalued_ranking.csv,.csv,50.0,23.0,0.009949,0.03,
reports\model_diagnostics\ranking_score_correlations.csv,.csv,6.0,7.0,0.009936,0.001,
reports\sprint_13b\productive\rankings\top_undervalued_by_position.csv,.csv,80.0,18.0,0.009934,0.044,
reports\sprint_13b\econometric\03_advanced_feature_coefficients.csv,.csv,3.0,6.0,0.009929,0.0,
reports\business\roi_scouting_shortlist.csv,.csv,100.0,24.0,0.00991,0.065,
reports\portfolio\portfolio_candidates.csv,.csv,68.0,29.0,0.009891,0.042,
reports\business\roi_global_summary.csv,.csv,1.0,14.0,0.009875,0.0,
reports\rankings\top_undervalued_global.csv,.csv,50.0,19.0,0.00982,0.031,
reports\sprint_13a1\econometric\03_inefficiency_by_league_test.csv,.csv,11.0,9.0,0.009802,0.002,
reports\data_quality\tm6_7_fbref_current_performance_audit.csv,.csv,78.0,4.0,0.009725,0.011,
reports\sprint_13b\econometric\03_econometric_model_coefficients.csv,.csv,21.0,6.0,0.00969,0.002,
reports\sprint_13b\productive\ml_model_comparison_v13b.csv,.csv,8.0,16.0,0.009686,0.003,
reports\portfolio\scenarios\recommended_portfolio_balanced.csv,.csv,5.0,29.0,0.009681,0.003,
reports\rankings\top_undervalued_by_position.csv,.csv,64.0,19.0,0.009604,0.039,
reports\strategy\scenario_comparison.csv,.csv,3.0,14.0,0.009576,0.001,
reports\sprint_13a1\econometric\03_undervalued_ranking.csv,.csv,50.0,23.0,0.009563,0.03,
reports\sprint_13a1\econometric\03_strict_matching_metrics.csv,.csv,1.0,6.0,0.009557,0.0,
reports\sprint_13b\productive\ml_model_comparison_raw_v13b.csv,.csv,16.0,7.0,0.009551,0.004,
reports\portfolio\scenarios\recommended_portfolio_aggressive.csv,.csv,5.0,29.0,0.009529,0.003,
reports\roles\role_explainability_summary.csv,.csv,9.0,12.0,0.009527,0.002,
reports\roles\role_distribution.csv,.csv,35.0,5.0,0.009441,0.007,
reports\strategy\optimized_transfer_portfolio.csv,.csv,5.0,32.0,0.009387,0.004,
reports\data_quality\tm6_5_14\dataset_inventory_and_scope.csv,.csv,7.0,15.0,0.009308,0.005,
reports\business\transfer_strategy_analysis.csv,.csv,16.0,16.0,0.009285,0.004,
reports\roles\position_taxonomy_representatives_v2.csv,.csv,105.0,11.0,0.009241,0.032,
reports\tables\02_baseline_overvalued_ranking.csv,.csv,25.0,18.0,0.00924,0.012,
reports\data_quality\tm6_8_understat_schema_availability.csv,.csv,19.0,3.0,0.009224,0.002,
reports\data_quality\tm6_5_14\player_profile_validation_sample_random20.csv,.csv,20.0,10.0,0.009176,0.008,
reports\rankings\top_low_risk.csv,.csv,50.0,19.0,0.009174,0.031,
reports\data_quality\tm41_market_value_audit.csv,.csv,109.0,9.0,0.009174,0.018,
reports\tables\03_overvalued_ranking.csv,.csv,50.0,18.0,0.009129,0.021,
reports\sprint_13a1\econometric\03_vif_table.csv,.csv,17.0,2.0,0.009119,0.001,
reports\data_quality\tm7_player_identity_current_audit.csv,.csv,1.0,9.0,0.009091,0.0,
reports\roles\position_taxonomy_representatives.csv,.csv,105.0,7.0,0.008998,0.029,
reports\roles\universal_role_representatives.csv,.csv,40.0,12.0,0.008988,0.022,
reports\portfolio\scenarios\recommended_portfolio_conservative.csv,.csv,5.0,29.0,0.008953,0.003,
reports\data_quality\tm6_8_understat_league_coverage_audit.csv,.csv,65.0,10.0,0.00895,0.036,
reports\sprint_13b\ml\ml_model_comparison_raw_v13b.csv,.csv,16.0,7.0,0.008919,0.004,
reports\roles\position_taxonomy_validation_v2.csv,.csv,25.0,8.0,0.008908,0.013,
reports\roles\role_label_mapping.csv,.csv,9.0,7.0,0.008906,0.007,
reports\sprint_13b\ml\feature_importance_all_aggregated_v13b.csv,.csv,33.0,7.0,0.008888,0.008,
reports\roles\role_variable_inventory.csv,.csv,59.0,1.0,0.008837,0.004,
reports\roles\role_representatives.csv,.csv,180.0,12.0,0.008766,0.081,
reports\sprint_13a1\xgboost\feature_importance\tuned_random_forest_feature_importance.csv,.csv,31.0,2.0,0.008742,0.003,
reports\data_quality\tm6_5_14\player_profile_validation_sample_top20.csv,.csv,20.0,10.0,0.008738,0.008,
reports\sprint_13b\econometric\vif_model_b.csv,.csv,20.0,2.0,0.00873,0.002,
reports\sprint_13a1\econometric\03_econometric_model_coefficients.csv,.csv,18.0,6.0,0.008716,0.002,
reports\sprint_13b\econometric\vif_advanced_features_model_b.csv,.csv,3.0,2.0,0.008712,0.0,
reports\roles\position_taxonomy_validation_v2b.csv,.csv,25.0,8.0,0.008673,0.013,
reports\sprint_13b\ml\feature_importance_rf_v13b.csv,.csv,11.0,7.0,0.008664,0.003,
reports\sprint_13b\ml\feature_importance_lightgbm_v13b.csv,.csv,11.0,7.0,0.008661,0.003,
reports\portfolio\portfolio_dataset_summary.csv,.csv,7.0,2.0,0.008623,0.001,
reports\sprint_13b\econometric\03_strict_matching_metrics.csv,.csv,1.0,6.0,0.008577,0.0,
reports\sprint_13a1\econometric\03_econometric_model_metrics.csv,.csv,8.0,6.0,0.008535,0.001,
reports\tables\explainability\feature_importance_comparison_top10.csv,.csv,10.0,2.0,0.008534,0.001,
reports\roles\role_explainability_feature_coverage.csv,.csv,8.0,6.0,0.00852,0.002,
reports\tables\03_undervalued_ranking.csv,.csv,50.0,18.0,0.0085,0.021,
reports\roles\universal_role_model_report.csv,.csv,1.0,7.0,0.008449,0.0,
reports\data_quality\tm7_snapshot_authority_audit.csv,.csv,1.0,9.0,0.008434,0.0,
reports\sprint_13a1\xgboost\feature_importance\tuned_lightgbm_feature_importance.csv,.csv,31.0,2.0,0.008422,0.003,
reports\portfolio\scenarios\scenario_simulation_summary.csv,.csv,3.0,15.0,0.008337,0.002,
reports\sprint_13b\productive\ml_model_comparison_test_v13b.csv,.csv,4.0,16.0,0.008288,0.001,
reports\tables\02_baseline_undervalued_ranking.csv,.csv,25.0,18.0,0.008219,0.012,
reports\tables\03_econometric_model_vif.csv,.csv,16.0,2.0,0.008213,0.001,
reports\tables\01_dataset_summary.csv,.csv,2.0,6.0,0.00815,0.0,
reports\sprint_13b\ml\advanced_features_importance_summary_v13b.csv,.csv,9.0,6.0,0.007967,0.002,
reports\roles\position_taxonomy_distribution_v2.csv,.csv,8.0,3.0,0.007954,0.001,
reports\sprint_13a1\xgboost\feature_importance\tuned_xgboost_feature_importance.csv,.csv,31.0,2.0,0.007947,0.003,
reports\sprint_13a1\ml\04_ml_permutation_importance.csv,.csv,8.0,3.0,0.007942,0.001,
reports\tm3_contract_audit\contract_coverage_by_league.csv,.csv,0.0,4.0,0.007893,0.0,
reports\tm3_contract_intelligence\contract_status_distribution.csv,.csv,5.0,2.0,0.007761,0.001,
reports\roles\universal_role_distribution.csv,.csv,4.0,7.0,0.007731,0.001,
reports\sprint_13a1\ml\04_ml_inefficiency_by_position.csv,.csv,4.0,9.0,0.007682,0.001,
reports\sprint_13b\ml\advanced_features_coverage_v13b.csv,.csv,3.0,3.0,0.007555,0.0,
reports\sprint_13a1\ml\tables\04_model_comparison_test_v13a1.csv,.csv,8.0,5.0,0.007549,0.001,
reports\roles\position_taxonomy_distribution_v2b.csv,.csv,8.0,3.0,0.00753,0.001,
reports\tm3_contract_audit\contract_text_mentions.csv,.csv,44.0,3.0,0.007469,0.007,
reports\tables\model_comparison.csv,.csv,4.0,4.0,0.006994,0.0,
reports\tables\ml_model_metrics.csv,.csv,3.0,4.0,0.006926,0.0,
reports\tm3_contract_audit\contract_column_candidates.csv,.csv,4.0,5.0,0.006866,0.002,
reports\tables\ml_tuned_model_comparison.csv,.csv,4.0,4.0,0.006499,0.0,
reports\sprint_13b\productive\ols_model_comparison.csv,.csv,3.0,15.0,0.003542,0.001,
reports\roles\role_tactical_profiles.csv,.csv,9.0,12.0,0.003197,0.002,
reports\sprint_13b\productive\vif_model_b.csv,.csv,20.0,2.0,0.002986,0.002,
reports\sprint_13b\productive\ml_success_criteria_v13b.csv,.csv,5.0,3.0,0.002885,0.0,
reports\sprint_13a1\ml\tables\04_ml_inefficiency_by_league_v13a1.csv,.csv,11.0,9.0,0.002859,0.002,
reports\sprint_13b\productive\03_advanced_feature_coefficients.csv,.csv,3.0,6.0,0.002816,0.0,
reports\sprint_13a1\ml\tables\04_ml_permutation_importance_v13a1.csv,.csv,8.0,3.0,0.002805,0.001,
reports\sprint_13b\productive\feature_importance_rf_v13b.csv,.csv,11.0,7.0,0.002738,0.003,
reports\sprint_13b\productive\03_econometric_model_coefficients.csv,.csv,21.0,6.0,0.002573,0.002,
reports\sprint_13b\productive\advanced_features_contribution_ranking_v13b.csv,.csv,3.0,7.0,0.002428,0.0,
reports\sprint_13b\productive\03_strict_matching_metrics.csv,.csv,1.0,6.0,0.002378,0.0,
reports\sprint_13a1\ml\tables\04_ml_inefficiency_by_position_v13a1.csv,.csv,4.0,9.0,0.002134,0.001,
reports\sprint_13b\productive\03_main_coefficients_advanced_features.csv,.csv,7.0,6.0,0.00205,0.001,
reports\sprint_13b\productive\feature_importance_all_aggregated_v13b.csv,.csv,33.0,7.0,0.002049,0.008,
reports\sprint_13b\productive\advanced_features_performance_summary.csv,.csv,11.0,4.0,0.002031,0.002,
reports\sprint_13b\productive\advanced_features_coverage_v13b.csv,.csv,3.0,3.0,0.00197,0.0,
reports\sprint_13b\productive\feature_importance_lightgbm_v13b.csv,.csv,11.0,7.0,0.001884,0.003,
reports\sprint_13b\productive\advanced_features_importance_summary_v13b.csv,.csv,9.0,6.0,0.001869,0.002,
reports\sprint_13b\productive\03_inefficiency_by_league_test.csv,.csv,11.0,9.0,0.001858,0.002,
reports\sprint_13b\productive\03_econometric_model_metrics.csv,.csv,6.0,6.0,0.001848,0.001,
reports\sprint_13b\productive\feature_importance_all_transformed_v13b.csv,.csv,72.0,6.0,0.001809,0.021,
reports\sprint_13b\productive\feature_importance_xgboost_v13b.csv,.csv,11.0,7.0,0.001804,0.003,
reports\sprint_13b\productive\correlation_advanced_features.csv,.csv,3.0,4.0,0.001697,0.0,
reports\sprint_13b\productive\feature_sets_v13b.csv,.csv,2.0,5.0,0.001687,0.001,
reports\data_quality\tm41_contract_audit.csv,.csv,,,,,EmptyDataError('No columns to parse from file')
